order_id,customer_id,product_name,brand,country,order_date,unit_price
REC-861088,6120,Perly,Perly,"Morocco,United States",2024-02-22,13.18
REC-900952,12550,Prince Goût Chocolat,LU,"Algeria,Belgium,France,French Polynesia,Germany,Guadeloupe,Hungary,Luxembourg,Martinique,Morocco,New Caledonia,Réunion,Spain,Switzerland,United States",2024-11-13,1.5
REC-595965,6705,Excellence Noir Prodigieux 90% Cacao,"Lindt EXCELLENCE,Lindt","Argelia,Austria,Bélgica,Bulgaria,Canadá,República Checa,Finlandia,Francia,Polinesia Francesa,Alemania,Irlanda,Italia,Mauricio,Marruecos,Países Bajos,Noruega,Reunión,Rumania,Singapur,España,Suecia,Suiza,Túnez,Reino Unido",2025-02-02,12.99
REC-942653,8645,Tonik,عربي,Maroc,2024-12-11,14.82
REC-885998,14430,Sésame,Gerblé,"Belgium, Bulgaria, France, en:switzerland",2025-08-21,18.4
REC-674324,6760,Шоколад 85% какаова маса,J. D. Gross,"Austria,Belgium,Bulgaria,Estonia,Finland,France,Germany,Italy,Lithuania,Slovakia,Slovenia,Spain,United Kingdom",2024-09-08,19.16
REC-867660,8420,CRISTALINE Eau De Source 0.5L,Cristaline,"Belgium,Côte d'Ivoire,France,Germany,Luxembourg,Mali,Martinique,Russia,Switzerland,United Kingdom",2024-10-10,3.64
REC-448132,9144,Henry’s,Henry's,Maroc,2024-12-30,17.59
REC-202400,10397,Milk chocolate bar,Unknown,"Algeria,Cameroon,France,Morocco,Spain",2024-08-04,11.08
REC-386572,13888,Organic 70% Dark Chocolate Bar,Green & Black's,"France,Irlande,Suède,Royaume-Uni",2025-10-15,12.14
REC-394893,8397,KING COOKIES,Excelo,Morocco,2025-05-25,19.74
REC-965916,6325,Sable coco Henry s 42g,Unknown,Maroc,2024-07-02,2.64
REC-735024,8672,Biscuits croquants au coeur onctueux de Nutella®,"nutella,Ferrero","Francia,Alemania,Italia,Marruecos,Portugal,Rumania,España,Suiza",2024-12-11,10.57
REC-866242,13720,Tartine croustillante Authentique,wasa,"France, Italy, Spain, Switzerland, en:reunion",2024-12-16,6.25
REC-167785,6250,Excellence Noir Intense 70% Cacao,Lindt,"Algérie,Belgique,République tchèque,France,Allemagne,Guadeloupe,Italie,Maroc,La Réunion,Espagne,Suisse",2024-10-26,1.25
REC-625106,12696,Lightly sea salted crisps,Tyrrell's,"France,Germany,Spain,United Kingdom",2024-09-16,1.84
REC-399127,6000,Dark chocolate,Green and black,"Belgium, France, United Kingdom, en:ireland",2025-09-11,19.17
REC-506660,10724,Excellence Noir Puissant 85% Cacao,Lindt,"Autriche,Belgique,France,Allemagne,Italie,Maroc,Pays-Bas,La Réunion,Espagne,Suisse",2024-12-09,14.0
REC-323330,14542,Fourrés Chocolat Noir,Bjorg,"France,Luxembourg,Switzerland",2024-08-12,22.91
REC-726018,6965,Extra dark 74% Cocoa,fin CARRÉ,"Belgium,Bulgaria,Czech Republic,Finland,Germany,Netherlands,Poland,Spain",2025-05-26,23.07
REC-799477,13302,FIBRES,Wasa,"Belgique,France,Guadeloupe,Italie,La Réunion,Espagne,Suisse",2025-03-19,6.57
REC-169584,14120,Henry’s,Henry’s,Maroc,2024-07-02,4.31
REC-925173,6135,Momo black,Excelo,Maroc,2024-10-30,22.96
REC-739815,7944,EXTRA FINE DARK CHOCOLATE,"Lindt & Sprüngli,Lindt","Australie,Belgique,Canada,République tchèque,Danemark,Estonie,France,Allemagne,Hongrie,Irlande,Italie,Liban,Maroc,Pays-Bas,Portugal,Serbie,Espagne,Suisse,Royaume-Uni",2024-03-13,12.4
REC-992581,8248,Eyoo cover,EXCELO,Morocco,2025-11-16,18.93
REC-392117,12134,Tartines craquantes au sarrasin imp,"Ekibio,Le pain des Fleurs","Belgium,France,Luxembourg,Netherlands,Senegal,Switzerland",2025-12-09,9.41
REC-337268,14038,Pomme 🍏 🍎 Noisette🥜,Gerblé,"Belgium,France,French Polynesia,Germany,Guadeloupe,Martinique,Morocco,Réunion,Switzerland",2025-05-31,15.63
REC-974515,12699,Trios,Aperitivos company,"Spain, Marruecos, en:morocco",2026-01-06,24.16
REC-953482,13960,Edelbitter 70% Cacao,J. D. Gross,DE,2025-06-30,5.07
REC-212346,13782,Crunchy oats&honey,Nature Valley,"Bélgica,Francia,Alemania,Irlanda,Países Bajos,España,Suiza,Reino Unido,en:Bélgica",2024-05-25,4.18
REC-416664,6670,Figue & son,Gerblé,"Belgique,France,Polynésie française,Martinique,Maroc,La Réunion,Suisse",2024-11-22,17.46
REC-205333,10008,Bitter Extra Kraftig,"Lindt,Lindt&Sprüngli","Australia,Austria,Belgium,Bulgaria,France,Germany,Italy,Lebanon,Morocco,Romania,Spain,Switzerland,Thailand,United Kingdom",2024-11-27,2.2
REC-407282,13001,Petit beurre,Bé,Morocco,2024-09-08,9.34
REC-499346,14145,Pains au lait x10,Pasquier,"Belgique,France,Suisse,Royaume-Uni,États-Unis",2024-04-08,22.82
REC-668408,14519,Chocolat au lait,Milka,"Algeria,Austria,Bulgaria,France,Germany,Hungary,Italy,Morocco,Poland,Tunisia,United Kingdom",2024-11-01,6.24
REC-400480,14530,Brioche Tranchée Bio 400g,Unknown,France,2024-11-13,3.2
REC-936049,8846,King cookies choco,Excelo,en:ma,2025-05-12,16.03
REC-574329,11736,BIO Basmati Reis Vollkorn,"Pueblo Lindo, Nur Nur Natur","Austria, France, Germany, Italy, Switzerland, United Kingdom, United States, en:ireland",2024-05-26,7.62
REC-955005,10000,Mix di frutta secca,Alesto,"France,Allemagne,Hongrie,Italie,Pays-Bas,Portugal,Suisse",2025-05-19,19.89
REC-538001,13364,Excellence Noir Subtil Doux 70% Cacao,"Lindt Excellence,Lindt","Australia,Austria,Dinamarca,Francia,Alemania,Marruecos,Nueva Zelanda,España,Suiza",2024-07-21,20.27
REC-900195,13320,La gâche tranchée,Unknown,"France,Germany,Switzerland",2025-08-04,11.15
REC-570097,7969,Sour Cream & Onion,Pringles,"Algieria,Bułgaria,Chorwacja,Egipt,Węgry,Irak,Liban,Libia,Litwa,Maroko,Polska,Rumunia,Tunezja,Ukraina",2024-10-16,20.45
REC-180568,5233,Chocolat Noir 92% cacao,Dark Excellente,Morocco,2025-11-02,8.29
REC-326111,12644,Cracotte Céréales Complètes,"lu, LU","Belgium, France, Luxembourg, Réunion, Switzerland, en:netherlands",2024-05-06,23.01
REC-574635,6128,Kinder Bueno,Kinder,"Australia,Bélgica,Estonia,Francia,Grecia,Hungría,Irlanda,Italia,Letonia,Libia,Lituania,Marruecos,Nueva Zelanda,Polonia,Portugal,Rumania,España,Suiza,Reino Unido",2025-05-30,8.04
REC-218223,7913,Dark Chocolate,Tesco finest,United Kingdom,2025-07-05,24.8
REC-895633,6608,Chips,Kettle,United Kingdom,2024-06-20,9.93
REC-754969,6085,Pringles Sare,Pringles,"Armenia,Bielorrusia,Bélgica,Bosnia y Herzegovina,Bulgaria,Croacia,Francia,Hungría,Kuwait,Letonia,Líbano,Lituania,Marruecos,Polonia,Rumania,Rusia,Serbia,Suiza,Ucrania",2024-07-27,2.7
REC-528239,12090,wasa,"Barilla,Wasa","France,Guadeloupe,Italy,Switzerland",2025-04-10,18.39
REC-540990,14397,Henry's Sable Coco Biscuit 85G,Henrys,Maroc,2025-08-06,12.49
REC-956271,13610,Cracotte,LU,"België,Frankrijk,Luxemburg,Nederland,Zwitserland",2025-01-24,24.0
REC-440963,6157,Biscuit raisins,Unknown,"France,Suisse",2024-06-09,16.66
REC-116337,12524,Nutri+ avoine chocolat,Bjorg,France,2024-03-15,1.47
REC-653437,12486,Goût chocolat,BN,"Belgium,France,Morocco,Switzerland",2025-09-04,4.06
REC-786266,10600,digestives,McVitie's,"France,Germany,Ireland,United Kingdom",2025-04-03,15.58
REC-981280,12427,Protein Cacahuetes🥜 & Chocolat🍫,Nature Valley,"Belgium,France",2026-02-01,3.37
REC-295140,11156,Tartines craquantes quinoa - pois chiche sans gluten,Jardin Bio,France,2025-03-28,24.72
REC-845441,11715,LIGHTLY SALTED LOW FAT CORN CAKES,kallo,"France, United Kingdom",2025-11-15,11.73
REC-649864,10711,Figolu,LUMondelez,"France,Guadeloupe",2025-03-11,2.41
REC-745146,9008,Krit krititas galletas saladas,"Cuétara, Krit","Israel,Marruecos,España,Portugal",2024-08-27,1.04
REC-595340,5792,Sour Cream & Onion,Pringles,"France,Germany,Italy,Martinique,Mauritius,Portugal,Réunion,Thailand",2024-02-13,4.9
REC-980028,11685,Crunchy avoine et miel,Nature ValleyGeneral Mills,France,2025-04-29,8.94
REC-854220,9266,Toffifee,Süßigkeiten,Germany,2024-09-28,13.2
REC-321774,13910,Crunchy Avoine & Chocolat Noir x 5 x 2 barres de 21 g,"General Mills,Nature Valley",France,2025-07-22,20.71
REC-770550,12930,Cookie🍪 cacao pépites Sans Sucre,Unknown,"Belgique,France,Polynésie française",2025-09-29,22.48
REC-570975,13801,Dark milk chocolate,Tesco,en:united-kingdom,2025-12-27,24.54
REC-347253,13159,petit déjeuner miel et pépites de chocolat,belvita,"Belgium,Bulgaria,France,Germany,Morocco,Poland,Romania,Switzerland,United Kingdom",2025-03-15,7.58
REC-433923,8141,Biscuit soja orange,Gerblé,"France,Guadeloupe,Martinique,Réunion",2024-12-17,5.38
REC-374982,7072,Sablés Anglais L'Original,"McVitie's,United Biscuits","France,Réunion,Switzerland,United Kingdom",2024-11-30,19.09
REC-833121,6028,Excellence Noir Corsé 78% Cacao,Lindt,"Australia,Czech Republic,France,Germany,Ireland,Italy,Netherlands,New Zealand,Spain,Switzerland",2025-04-28,23.01
REC-484365,9681,Картофельные чипсы со вкусом парики,"Pringles,Kellogg's","Bulgaria,Francia,Lituania,Marruecos,Países Bajos,Polonia,Rumania,España,Ucrania",2024-02-07,2.12
REC-204232,8249,Brioche moins de sucre,Harrys,France,2025-04-30,8.89
REC-942651,12158,Chocolat monogram,Macao,en:ma,2025-07-25,3.33
REC-818095,14040,Lentil and Pea Cakes with Beetroot and Balsamic Flavour Seasoning,kallo,United Kingdom,2025-02-09,7.77
REC-553814,14094,Pringles Original,"Kellogg's, Pringles","Belgium, France, Germany, Italy, Spain, United Kingdom, en:austria",2025-07-04,3.36
REC-996953,5970,Fourrés Chocolat au Lait,Bjorg,"France,Japon,Suisse",2024-07-18,11.61
REC-767742,12401,Pringles,Unknown,"Bélgica,Francia,Alemania,Marruecos,Rumania,España,Suiza,Reino Unido",2024-02-25,22.67
REC-946193,10839,180G C OR NOIR NOISETTE,"Côte D’Or, Mondelez","Algérie,France,Guadeloupe,Maroc,Tunisie",2025-02-17,9.67
REC-991303,7760,Barres de fruits secs & noix Myrtilles,nakd.,"Bélgica,República Checa,Francia,Países Bajos,España,Suiza",2024-09-05,3.46
REC-562005,6118,Tagger,Bimo,en:Morocco,2024-08-08,3.95
REC-802740,13691,Goûter 4S Saveur pommes,Gerblé,"France,Luxembourg,Réunion,Switzerland",2024-03-11,10.68
REC-723751,14512,Wheat Biscuits,Tesco,en:United Kingdom,2025-11-29,8.66
REC-379767,11844,Protein Cocoa Hazelnut Bars,"Nakd,Natural Balance Foods","Bélgica,Francia,España,Reino Unido",2024-10-12,1.55
REC-994160,11794,Thé - Biscuits,Lu,"France,New Caledonia,Réunion,Switzerland",2025-04-07,2.33
REC-607612,8211,Petites Madeleines,St Michel,"en:france, en:martinique, en:La Réunion, en:Switzerland",2025-06-25,7.44
REC-331169,9169,Goûter pépites de chocolat,Unknown,"Belgium,France,French Polynesia,Réunion,Switzerland",2025-09-28,1.01
REC-130025,8900,Sea salt & cider vinegar chips,Unknown,"France, Germany, Switzerland, United Kingdom, en:netherlands",2024-10-10,17.32
REC-219484,5608,Príncipe crema de chocolate,"LU,Mondelēz","Francia,Marruecos,España",2025-03-21,14.49
REC-480927,14848,Kinder bueno White,Kinder,"Belgique,Bulgarie,France,Allemagne,Hongrie,Italie,Maroc,Pologne,Roumanie,Serbie,Espagne,Suisse,Thaïlande,Royaume-Uni",2025-09-21,19.57
REC-699692,14144,Sea Salt Lentil Chips,Proper Chips,United Kingdom,2025-05-25,23.12
REC-392540,6866,Napolitain l'Original,"LU, Mondelez, Mondelez International",France,2025-11-10,24.73
REC-958052,13313,Petits fours financiers,Unknown,"France, en:morocco",2025-09-29,12.77
REC-151159,12792,Biscuits pavot citron,Gerblé,"France,Réunion,Switzerland",2025-10-20,11.76
REC-287331,14177,The Original Crunchy Rye Breads,Ryvita,"United Kingdom, en:ireland",2026-01-18,17.49
REC-904456,7274,Pringles Original,Unknown,"Bélgica,Dinamarca,Francia,Alemania,Grecia,Irlanda,Italia,Marruecos,Países Bajos,Nigeria,Rumania,España,Reino Unido",2025-09-15,4.56
REC-561658,8242,Blueberry Muffin Myrtilles,nakd,"France,Germany,Ireland,Morocco,Poland,United Kingdom",2024-05-16,5.74
REC-884876,8901,merendina big,bimo,en:Morocco,2025-05-21,8.14
REC-221353,9692,Belvita Original Petit-Déjeuner miel et pépites de chocolat,LU,"Belgium,France,French Polynesia,Réunion,Switzerland",2024-04-04,21.53
REC-279860,11879,Véritable Petit Écolier Chocolat au Lait,Unknown,"Algeria,Belgium,Canada,France,Morocco,Switzerland",2025-11-09,11.82
REC-996817,10003,Galletas fibra zero azúcares,Gullón,"Portugal,España",2024-09-27,13.03
REC-407433,13728,Belvita Petit Déjeuner Chocolat,"LU,Mondelez","en:belgium, en:france, en:guadeloupe, en:luxembourg, en:Belgique, en:La-reunion, en:Switzerland",2025-01-16,2.77
REC-160782,9873,Caramelised popcorn seasoned with sea salt,Proper,"Belgium, France, United Kingdom, en:netherlands",2024-08-02,4.7
REC-221530,8033,Edelbitter Mild 90%,Unknown,"Belgium,France,Germany,Morocco,Netherlands,Switzerland",2025-08-23,2.26
REC-183716,12748,Véritable Petit Beurre Pocket,lu,"Belgium,France,Guadeloupe,Lebanon,Réunion,Switzerland",2025-11-15,11.48
REC-878584,11980,Chips de lentilles saveur fines herbes,Unknown,France,2025-07-31,1.81
REC-777037,13194,Chocolat noir Equateur Bio,J.D. Gross,France,2024-09-16,7.37
REC-762689,9488,Biscuit complet au germe de blé,Gerblé,"France,Guadeloupe,Maroc,La Réunion,Suisse",2024-05-10,3.33
REC-789279,9528,Milka galette choco,"LU, Milka","France, Germany, Morocco, Spain, en:belgium",2025-05-23,12.59
REC-188975,5634,Multigrain Crispbread,RYVITA,"France, United Kingdom, en:ireland",2025-10-15,23.74
REC-476256,8438,Tartines craquantes sarrasin,Céréal Bio,France,2025-03-16,12.31
REC-337130,14724,Excellence Noir à la Pointe de Fleur de Sel,Lindt,"France,Suisse",2025-01-07,13.22
REC-415413,5434,NAKD Cacahuètes - 140g (4x1p),"Nakd.,Natural Balance Foods","en:belgium, en:france, en:luxembourg, en:spain, fr:Francia",2025-04-14,12.23
REC-599217,6506,Cream Crackers,Unknown,"France,Suisse,Royaume-Uni",2026-01-10,14.86
REC-563059,5998,Pistaches de Californie,"Alesto, Lidl","Bélgica,República Checa,França,Alemanha,Marrocos,Portugal,Espanha",2024-12-13,13.4
REC-294785,13490,Organic Crisp Bread,DR KARG'S,"France,Allemagne,Royaume-Uni",2024-05-02,6.38
REC-693740,12990,Brioche Tranchée Recette Classique,Harrys,France,2024-03-09,21.83
REC-760615,11250,Véritable Petit Beurre,Lu,"France,Suisse",2026-01-20,15.12
REC-195486,11785,"Sweet & Salty Nut chocolat noir et mélange de noix, 5 barres de 30 g",Unknown,"Belgium,France",2025-02-24,6.11
REC-516677,9726,Cheese Oatcakes,nairn's,"France,United Kingdom",2024-10-28,11.21
REC-146982,12015,Dark Chocolate,Fin Carré,"Finland,France,Germany,Italy,Latvia,Switzerland,United Kingdom,United States,Czech Republic",2026-01-29,17.47
REC-239925,12675,Wholegrain Wheat Bixies,Crownfield - Lidl,"Ireland, Malta",2025-01-18,9.7
REC-109693,9652,Granola LU,LU,France,2024-10-18,1.26
REC-176522,5950,Sour Cream & Onion chips,Pringles,"France, Germany, Spain, Switzerland, United Kingdom, en:austria",2025-09-29,11.05
REC-145901,9071,Belvita Brut & 5 céréales complètes,Lu,"Belgique,France,Luxembourg,Nouvelle-Calédonie,Suisse",2024-07-18,24.59
REC-360302,11499,Chocolate negro 95% cacao,J. D. Gross,"Francuska,Njemačka,Španjolska,Hrvatska,Slovenija,Grčka,Cipar",2026-01-08,2.66
REC-633933,10355,Goûter aux raisins,Gerblé,"Belgique,France,La Réunion,Suisse",2024-03-28,8.33
REC-187987,6562,Pringles sour cream & onion,"Pringles,Kellogg's","Austria,Bélgica,Francia,Alemania,Marruecos,Países Bajos,España,Suiza,Reino Unido",2024-10-22,23.61
REC-307690,13557,Granola L'original Gros éclats de chocolat,"Granola,LU,Mondelez","France,Suisse",2025-01-16,5.67
REC-921480,8300,Milk Chocolate with Honey and Almond Nougat,Toblerone,"Argelia,Australia,Bélgica,Bolivia,Bulgaria,Dinamarca,Finlandia,Francia,Alemania,Italia,Marruecos,Noruega,Polonia,Rumania,España,Suecia,Suiza,Tailandia,Ucrania,Reino Unido",2024-04-06,22.51
REC-715337,14087,Organic Milk Chocolate,Green & Black's,"United Kingdom, en:ireland",2024-06-17,22.67
REC-195153,7641,Noir Extra,Poulain,"France,Maroc",2026-01-26,23.04
REC-550594,9230,Le cookie Chocolat Noisette,Bjorg,Frankreich,2024-06-03,17.62
REC-598496,6586,Tonik,Bimo,"France,Maroc,en:morocco,",2025-01-07,21.63
REC-825324,7206,Spofy,henry's,"France,Maroc",2024-11-20,16.28
REC-734212,9909,Digestive Avena,Hacendado,"Portugal,España",2025-08-31,8.32
REC-967946,8890,Galettes St Michel au beurre 4X5 - 130g,St michel,"Belgien, Frankreich, Guadeloupe, Italien, Martinique, Marokko, Schweiz, Germany",2024-05-13,10.36
REC-561526,12868,Petit brun extra,"Brun,Mondelez",France,2025-12-26,4.41
REC-306391,8081,"BN - Casse Croute Biscuits, 375g",BN,France,2024-10-01,1.85
REC-518782,13160,Goûter aux écorces confites,Gerblé,Francia,2025-11-15,5.87
REC-994456,14348,Шоколад с 6% парченца малини,J.D. GROSS,"Bulgarie,France,Italie,Portugal,Espagne,Suisse,Royaume-Uni",2024-11-27,13.16
REC-245946,5600,Milka Tablette Noisette,"Milka, Mondelez","Algeria, Austria, Czech Republic, France, Germany, Morocco, Switzerland, en:slovakia",2025-07-28,18.95
REC-986860,14640,Sablé saveur COCO,Gerblé,"Belgique,France,Thaïlande",2025-03-16,13.36
REC-253786,8062,Moelleux chocolat,"Belvita, LU, Mondelez International","Belgique,France,Maroc,La Réunion,Suisse",2024-04-25,16.82
REC-908189,12873,Ferrero Rocher,Ferrero,"Algérie,France,Allemagne,Irlande,Maroc",2024-12-23,24.19
REC-722929,11952,NOIR DEGUSTATION 70% CARAMEL,J. D. Gross,"France,Germany,Italy,Spain,United Kingdom",2024-08-01,1.32
REC-215654,9846,Excellence Noir Délicat Doux 85% Cacao,Lindt EXCELLENCE,"Austria,Czech Republic,France,Germany,Morocco",2024-05-21,20.25
REC-107243,11322,La Madeleine Pur beurre,Bonne Maman,"France,Suisse",2025-05-21,16.68
REC-662848,7254,Blueberry Muffin raw fruit & nut bar,nākd,United Kingdom,2024-08-31,20.63
REC-184393,14014,OREO ORIGINAL,OREO,"Austria,Belgium,Finland,France,Germany,Greece,Italy,Netherlands,Norway,Sweden,Switzerland",2024-10-15,13.24
REC-317612,6203,Benco Original,Benco,France,2024-12-05,1.14
REC-421289,10212,Pringles Sour Cream,"Pringles,Kellogg's","Bélgica,Alemania,Irlanda,Marruecos,Países Bajos,España,Reino Unido",2024-04-07,18.43
REC-525010,10985,Pelotazos futebolas,Cheetos,"France,Morocco",2024-04-13,2.57
REC-958697,8352,"Crunchy Oats and Dark chocolate, 2 Barres de 21 g",Unknown,"Belgique,France,Allemagne,Irlande,Espagne,Royaume-Uni",2025-05-12,9.32
REC-312331,6897,Peter's Yard Original Sourdough Crackers,Unknown,"France,United States,Ireland,United Kingdom",2026-01-25,20.18
REC-384172,10530,Cuetara Digesta Light 200G Marie Cookies,Unknown,"France,Maroc",2025-10-20,6.38
REC-394564,14380,Cacao,Lactel,"Belgique,Bulgarie,France,Allemagne,Hongrie,Italie,Mexique,Maroc,Portugal,Roumanie,Espagne,Suisse",2026-01-17,7.07
REC-613302,12237,Gingembre saveur citron 🍋,Gerblé,"France,La Réunion",2025-11-22,24.85
REC-756048,10104,Kinder Country,"Kinder, Ferrero","Autriche,France,Allemagne,Italie,Suisse",2024-08-18,19.95
REC-731114,7998,Sweet & Salty Popcorn,Proper Corn,United Kingdom,2025-09-21,16.02
REC-881552,13965,Gocciole classiche pav 500 gr,Pavesi,"Belgium,France,Germany,Italy,Switzerland",2025-10-27,17.3
REC-687196,7075,Protein Caramel salé Cacahuètes,Nature Valley,France,2025-08-17,17.22
REC-542590,8875,85% Cocoa - Dark Chocolate,Moser Roth,"United Kingdom,Ireland",2025-07-01,18.29
REC-447906,6547,Noir equitable 85% Pérou,Alter Eco,"Belgium,France,Switzerland",2025-07-31,1.22
REC-187921,5654,Nutella,"Ferrero,Nutella","Deutschland,Marokko",2024-07-04,13.84
REC-272094,5174,Oatibix,Unknown,"France, Spain, United Kingdom, en:ireland",2024-07-02,13.15
REC-477529,14784,Kinder Cards,"Ferrero,Kinder","Belgien,Bulgarien,Finnland,Frankreich,Deutschland,Ungarn,Italien,Luxemburg,Marokko,Rumänien,Spanien,Schweden,Schweiz",2025-12-17,10.3
REC-563532,9187,Petites Madeleines pépites chocolat,St Michel,"France,Suisse",2025-08-31,11.68
REC-172405,5318,8 Pains au lait frais Bio 280g,Unknown,France,2025-02-20,21.26
REC-601917,6223,single origin milk chocolate,Marks & Spencer,"France, Royaume-Uni",2025-01-06,21.81
REC-542762,6066,Petit Cookies Pépites de chocolat,Bonne Maman,"Belgium, France, Luxembourg, Switzerland, en:united-kingdom",2024-07-17,5.73
REC-600233,8833,Petit écolier chocolat noir pur beurre de cacao,LU,"Canada,Frankrijk,Duitsland,Marokko,Réunion,Spanje,Zwitserland",2024-08-28,6.15
REC-120129,10797,Sweet & salty popcorn,Proper Corn,United Kingdom,2024-05-06,3.61
REC-614314,11805,Cocoa Vanilla Oat Boosts,graze,"France,United Kingdom",2024-07-20,14.0
REC-151525,5140,Megachok,arluy,"France,Morocco,New Caledonia",2024-05-28,18.21
REC-217744,7396,Cranberry saveur amande,Gerblé,"Frankrijk,Réunion",2025-05-12,9.15
REC-737686,10860,"Biscuits 3 graines Kasha, Sésame, Pavot",Unknown,"France,La Réunion",2024-08-01,21.57
REC-310932,14834,Chocolat noir 85% Madagascar,Ethiquable,"France,Spain",2025-04-19,7.05
REC-343699,13161,Véritable petit beurre,"LU, Mondelez, Mondelez international","France,Guadeloupe,La Réunion,Suisse",2024-07-26,19.29
REC-499216,11117,TEXAS BBQ SAUCE,PRINGLES,"Belgium,Bulgaria,Germany,Ireland,Morocco,Romania,United Kingdom,Libya",2024-03-02,3.96
REC-117524,5039,Extrem,Excelo,en:Morocco,2025-10-18,23.56
REC-799646,10029,Sablés chocolat,McVitie's,France,2025-04-07,1.73
REC-734503,14206,Kinder Bueno,Kinder,"Algérie,Belgique,Allemagne,Italie,Maroc,Espagne,Suisse,Tunisie,Royaume-Uni,États-Unis,France",2024-12-31,10.66
REC-426267,11642,Wheat Biscuits,By Sainsbury's,en:gb,2024-04-21,23.04
REC-616790,14425,Shortbread Fingers,Walker’s,United Kingdom,2025-09-16,1.6
REC-519560,7176,Chips saveur fromage du Jura,Brets,"France, en:morocco",2024-10-24,21.83
REC-255749,14155,cooky original chocolate chips,Be,Morocco,2025-03-12,14.76
REC-335372,13315,Fine Milled Oatcakes,Nairn's,"Frankrijk,Verenigd Koninkrijk",2024-12-20,4.83
REC-824167,8454,Chips de lentilles saveur tomate mozza,Unknown,France,2025-11-14,7.7
REC-892701,8042,Fruit & Seed Oatcakes,Nairn's,"France,United Kingdom,United States,en:united-kingdom",2024-11-27,3.52
REC-109243,7429,Milka oreo,Milka Oreo,"France,Morocco,Maroc",2025-06-08,2.72
REC-222245,8897,Chocolate negro,"Carrefour BIO, Carrefour","Belgium, France, French Polynesia, Italy, Spain, en:morocco",2025-03-28,9.67
REC-603051,7517,Cocoa Orange,Nakd,Royaume-Uni,2025-08-06,16.7
REC-147698,13137,Savane,Brossard,France,2024-07-02,21.12
REC-909087,14717,Nutabella,Unknown,Morocco,2024-07-25,18.46
REC-659364,13462,Absolute black dark chocolate,Montezuma's,"España,Reino Unido",2025-03-30,7.04
REC-431149,8527,eyoo,Excelo,"France, en:morocco",2025-05-05,19.74
REC-194215,6870,Flash Wondermint Gum,Flash,"France, en:morocco",2024-07-23,17.85
REC-801190,13662,Biscuits Mega Duo imp,Gullón,"Francia,Marruecos,España,fr:Francia",2025-12-15,7.25
REC-531273,9147,cooky,be,Morocco,2024-12-22,10.84
REC-426965,14311,Dark Chocolate Chip Oat Biscuits,Nairn's,"France, New Zealand, United Kingdom, en:ireland",2024-06-21,1.2
REC-412341,14101,180G LT NOISETTE COTE D OR,Côte d'Or,"Algeria, France, Luxembourg, en:morocco",2025-02-23,10.13
REC-842128,14185,Dark Chocolate,TESCO finest,en:united-kingdom,2025-05-06,12.39
REC-513271,10123,Merci Finest Selection Assorted Chocolates,Storck,"Austria,Belgium,Bulgaria,France,Germany,Hungary,Morocco,Netherlands,North Macedonia,Poland,Romania,Sweden,Switzerland,United Kingdom",2024-06-15,13.74
REC-901924,5988,LOTUS BISCOFF Speculoos Original - 250g (2x125g),"Lotus Bakeries, Lotus","Belgium, France, en:morocco",2025-10-22,6.98
REC-738096,8362,Noir 70% Intense,Unknown,"Belgique,France,Italie,Maroc",2025-02-21,23.87
REC-554502,11920,Biscuits Germe de Blé et Pépites de Chocolat,"Lidl,Sondey",France,2024-03-16,4.49
REC-415207,14283,Milka wholenut,Milka,"France,Maroc",2025-04-14,2.02
REC-932547,13331,nakd peanut butter protein bar,Nakd,"France, United Kingdom, en:belgium",2024-05-02,16.1
REC-225200,13078,Fine & Gourmande Noir 70%,"Fine gourmande,Poulain","France,Maroc",2025-08-05,17.64
REC-700756,6550,Barre céréales Protéines peanut& chocolat🍫,Nature Valley,"Bélgica,Francia,España,Reino Unido",2025-05-22,3.22
REC-104753,5467,Nature Valley Crunchy Oats & Honey,Nature Valley,"Francia,Grecia,Irlanda,España,Reino Unido",2025-01-01,13.98
REC-563677,10401,B'ono Wafer,Excelo,en:Morocco,2024-02-18,22.57
REC-215776,13213,Cracotte Chocolat,"LU,Mondelez","Belgique,France,La Réunion,Suisse",2025-09-15,8.73
REC-636347,13593,Tentation aiguebelle,Aiguebelle,Morocco,2024-11-16,14.26
REC-411150,6118,Nut & fruit mix classic,"Alesto, Lidl","Bulgarie,Croatie,France,Allemagne,Pologne,Roumanie,Serbie,Espagne",2025-04-13,3.62
REC-740006,14976,Baiocchi nocciola 260g,"Barilla, Mulino Bianco - Barilla - Barilla G. e R. Fratelli - Società per Azioni - Via Mantova, 166, 43122 Parma - Italy","France,Germany,Italy,Spain,Switzerland",2026-01-18,1.02
REC-786767,11518,Table Water,Carr's,"France,Irlande,Royaume-Uni",2025-03-02,4.99
REC-546635,8778,Biscoff,Unknown,"Armenien,Irland,Neuseeland,Spanien,Vereinigtes Königreich",2025-09-16,11.99
REC-140146,5570,B-ready 6 pièces,Ferrero,"Bélgica,Francia,Alemania,Italia,Luxemburgo,Martinica,Mauricio,Marruecos,Nueva Caledonia,Reunión,España,Suiza,República de China,Tailandia,Reino Unido",2025-01-10,10.97
REC-594620,8463,Cheese & Onion Flavour Potato Crisps,Walkers,United Kingdom,2025-05-19,7.05
REC-116922,7404,Pim's Sinaasappel,LU,"Belgique,France,Pays-Bas,Espagne,Suisse",2025-05-03,17.63
REC-307325,5909,Dark Chocolate Nuts & Sea Salt Bars,KIND,en:gb,2025-07-27,19.81
REC-147375,13240,Noir intense dessert 70%,Lindt,"France,Maroc,Royaume-Uni",2026-01-27,5.7
REC-255248,6169,Biscuits Soja Figue,Gerblé,"Belgique,France,Maroc,La Réunion,Suisse",2024-10-30,5.23
REC-477166,11681,CREAM CRACKERS,Tesco,"France, Ireland, en:united-kingdom",2024-09-01,15.59
REC-984645,13750,Le petit Gerblé nature,gerblé,en:fr,2024-11-20,11.76
REC-637099,10108,Bastogne,"LU, Mondelez","France,en:belgium,en:reunion, en:new-caledonia, en:french-polynesia",2024-04-02,24.22
REC-872243,7122,90G FERRERO ROCHER TABLETTE LT,Ferrero Rocher,"Belgium,Bulgaria,France,Germany,Morocco,Romania,United Kingdom,Italy",2025-05-18,20.01
REC-256797,10421,"Chocolate Bar, snickers","SNICKERS, Mars","Bulgaria,República Checa,Francia,Alemania,Marruecos,Polonia,España",2025-04-17,18.94
REC-163360,12757,Twix Twin,Mars Wrigley,"Belgium, Bulgaria, France, Germany, Hungary, Italy, Morocco, Romania, United Kingdom, en:saudi-arabia",2024-08-28,2.23
REC-919628,7157,Cookie Chocolat saveur noisette Sans sucres,Gerblé,France,2024-11-07,16.9
REC-653547,11328,NAPOLITAIN,Aiguebelle,Morocco,2024-06-07,2.74
REC-124019,10597,Biscuit chocolat saveur amande,Gerblé,"Francia,Reunión",2024-08-31,12.36
REC-234442,14276,sablé sésame saveur vanille  - Gerblé sans sucres,Gerblé,France,2025-08-21,4.09
REC-224813,11208,"Gerblé - Sablés sans sucres saveur citron et Yuzu, 132g (4.7oz)",Unknown,"Belgique,France,Suisse",2024-11-17,23.59
REC-886778,8143,Ferrero Rocher x 16,Ferrero,"Dänemark,Frankreich,Deutschland,Marokko,Schweiz",2024-09-12,13.75
REC-222243,8407,Fakiat Barbeque,leader food,"France,Morocco",2025-09-15,5.96
REC-565596,12121,Sea Salt & Balsamic Vinegar Crisps,Kettle,"Ireland, en:united-kingdom",2024-03-27,4.56
REC-468646,11217,Excellence Noir Orange Intense,Lindt,"Canada,France",2025-08-19,22.06
REC-706461,6671,Crousti'Son Miel 🍯🐝Sésame,Gerblé,"en:france, en:La Réunion, en:Switzerland",2025-03-29,21.38
REC-541786,12292,Kinder Délice 10-pack,"Kinder,Ferrero","France,Germany,Italy,Morocco",2026-02-04,18.76
REC-705116,8552,Fourrés chocolat lait noisettes,Bjorg,France,2026-01-15,3.34
REC-618179,7791,Tartines craquantes au sarrasin,Unknown,"Belgique,France,Espagne,Suisse",2024-09-15,15.46
REC-805713,7030,Hohos,Unknown,en:ma,2026-01-04,10.24
REC-787344,8824,Lemon Blueberry Oat Boosts,graze,en:gb,2025-08-19,6.98
REC-452636,5813,Bimo,Merendina,Morocco,2025-03-02,12.78
REC-388435,6058,Oreo original,Mondelez,en:Morocco,2024-07-23,16.2
REC-410200,11324,Malt Loaf,Soreen,"France,United Kingdom",2025-04-06,18.84
REC-431929,10622,kinder chocolate,Kinder,"Algérie,Australie,Brésil,France,Allemagne,Hong Kong,Hongrie,Italie,Lituanie,Maroc,Portugal,Roumanie,Espagne,Suisse",2024-05-25,14.96
REC-595599,14494,Whole Nut Milk Chocolate,Fin Carré,"Bulgaria,France,Germany,Ireland,United Kingdom",2025-05-22,17.98
REC-420462,11667,Cuor di Cereale,Galletas Gullon,"Bulgaria, France, Italy, Morocco, en:romania",2025-01-03,12.52
REC-276469,9429,Milk Chocolate,Tony's Chocolonely,"United Kingdom,en:united-kingdom",2024-09-26,1.92
REC-278242,14213,Sablé Nature sans sucres,Gerblé,"France,Suisse,États-Unis",2025-02-28,20.37
REC-304978,5948,Break Chocolate Fingers,"Break,Tiffany","Lebanon, en:morocco",2024-11-29,15.29
REC-938382,10480,Gifflar Cannelle,"Pågen,Gifflar","Francia,Alemania,Italia,Países Bajos,España,Reino Unido",2026-02-03,23.2
REC-668825,9445,Veg crisps,TYRRELL'S,"France,Switzerland,UK",2025-10-29,10.65
REC-714142,7706,top cookies original,Excelo,Morocco,2024-06-04,3.0
REC-155683,14201,Tartines craquantes Froment,Maître Jean Pierre,"België,Frankrijk,Duitsland",2025-12-07,16.14
REC-614633,11197,80% cacao noir,Carrefour,"France,Italie,Maroc,Espagne",2025-03-30,4.16
REC-810541,10650,Peanut Delight,nākd,Royaume-Uni,2024-03-11,14.72
REC-891439,8216,Kinder Kinderini,Ferrero,"France,Allemagne,Italie,Suisse",2026-01-02,7.97
REC-828436,12339,Buscalios,Risi,"Francia,España, en:morocco",2025-10-13,22.21
REC-231742,11533,Biscuits Tacos,Reda Food,Maroc,2024-06-25,7.47
REC-505283,11007,Dark chocolate 75%,Marks & Spencer,en:gb,2025-10-30,3.88
REC-405146,5025,PEANUTS ROASTED & SALTED,Alesto,"Belgique,Bulgarie,France,Hongrie,Espagne,Suède",2025-02-08,21.93
REC-419555,14119,Roudor,St Michel,France,2024-03-31,1.02
REC-885496,9271,Tartined Craquantes Châtaigne,"Jardin bio, Léa Nature",France,2025-02-10,5.7
REC-432435,12770,Crunchy,Be,Maroc,2025-09-12,8.15
REC-503925,8359,Chips recette paysanne nature,Lays,France,2025-03-18,17.38
REC-109081,9704,Ready Salted Crisps,Walkers,United Kingdom,2026-01-11,2.11
REC-801714,12355,Fine milled oatcakes,Nairn's,United Kingdom,2024-08-29,9.84
REC-789642,14617,Prince Multicéréales Goût Chocolat Au Blé Complet,Unknown,"France,Réunion",2025-09-24,7.03
REC-501122,8459,Nutella biscuits fergulf,"Ferrero, Nutella","France, Italy, Morocco, United Kingdom, en:germany",2025-10-28,2.76
REC-425316,8036,Pringles Paprika,Unknown,"Franța,Germania,Maroc",2025-09-25,20.8
REC-673861,8907,Chocolate For Change Single Origin 85% Cocoa Dark Chocolate,Coop,United Kingdom,2024-04-26,4.85
REC-923949,14607,80% Dark Chocolate,Sainsbury's,en:gb,2025-04-14,2.71
REC-975360,8850,Pain au lait bio x12 420g,la boulangère,France,2026-01-26,5.26
REC-171363,11285,Hohos,Unknown,en:ma,2024-09-26,23.3
REC-610460,8398,Protein Salted Caramel Nut,Unknown,"France, Germany, United Kingdom, Frankreich, en:belgium",2024-11-08,7.75
REC-403782,7698,LU - Grany pommes,LU,France,2026-01-24,24.67
REC-777889,11571,Pim's - Framboise,Lu,"Belgique,France,Maroc,Espagne,Suisse",2024-12-31,5.69
REC-327239,13402,Paahdettu maapähkinä,Alesto,"France,Spain,Finland",2024-06-30,3.51
REC-326397,9991,Chocolat noir 80% Équateur intense et floral,Ethiquable,"France,Espagne,Suisse",2025-10-27,16.41
REC-690278,14683,Chocolate negro 85% cacao,Hacendado,España,2024-12-07,3.83
REC-102120,7648,Milk Chocolate,Fin Carré,"Bulgaria,Finland,France,Germany,Hungary,Poland,Romania,Slovenia,Spain,Estonia",2024-09-16,6.92
REC-688832,10581,Dunkle Schokolade mit ganzen Haselnüssen,"fin Carré, Lidl fin Carré","Belgium,France,Germany,Netherlands,Poland,Spain,Switzerland",2025-05-31,22.64
REC-291490,12382,Biscuits fourrés aux framboises,Unknown,"France,Morocco,Switzerland",2025-12-15,19.27
REC-740623,7606,M&M's peanut,Mars Wrigley,"Belgium,France,Germany,Italy,Switzerland",2025-03-31,21.82
REC-247388,9226,Oregano Crostini Italian Bread Bites,Crosta & Mollica,"France, en:united-kingdom",2024-09-14,16.31
REC-118961,6135,Oat Biscuits,Unknown,"New Zealand, United States, en:united-kingdom",2024-12-30,3.01
REC-348747,6106,Excellence À la Pointe de Fleur de Sel Noir,Lindt,"Bélgica,Dinamarca,Francia,Alemania,Italia,Países Bajos,Portugal,España,Suiza,Reino Unido",2025-04-20,12.48
REC-451588,6932,Moelleux chocolat noix,Unknown,"France,La Réunion",2024-02-22,9.18
REC-674481,8863,Berry Delight,Nakd,United Kingdom,2025-01-03,12.51
REC-933861,6676,Ovomaltine crunchy,Ovo maltine,"Belgium,France,Switzerland",2024-10-16,12.83
REC-447978,8413,Crunchy Cereal Bars made with whole grain rolled oats and honey,Nature Valley,"France, United Kingdom, en:ireland",2025-12-10,9.55
REC-167533,14678,Sweeties Mini,aiguebelle,Morocco,2025-11-04,16.49
REC-783284,10364,Cookies chocolate Chip,Sondey,"Francia,Alemania,España,Suiza,en:England",2025-02-12,2.55
REC-159182,10578,"Love, Corn (Sea Salt)",Unknown,en:gb,2024-07-15,20.17
REC-312884,6758,Digestive 0%,Hacendado,España,2025-09-04,9.92
REC-417952,12417,Genova - Double Creme,Unknown,Morocco,2025-05-09,4.13
REC-867395,10685,Madagascar Dark Chocolate tummasuklaa,Preferred Selection,"Czech Republic,Germany,Ireland",2024-07-03,9.37
REC-597548,12785,Mini BN Chocolat,BN,"Belgique,France,Maroc,La Réunion,Suisse",2025-04-24,12.69
REC-154012,12482,Biscuit fondant choco 🍫noir (sans sucres ajoutés),Gerblé,Francia,2025-06-23,11.73
REC-245493,8880,4 Baguettes viennoises 340g,La Boulangère,France,2024-07-04,7.65
REC-550722,5410,Véritable Petit écolier Pocket Chocolat au Lait,LU,"France,Suisse",2025-12-15,15.04
REC-405850,13531,SHORTBREAD FINGERS,PATERSON'S,"Spain, en:united-kingdom",2025-11-29,11.55
REC-758625,11017,cioccolato fondente,fin carre,Italy,2024-10-28,5.48
REC-633365,5484,Chips sel de mer et poivre noir,Tyrrell’s,"France,Allemagne,Royaume-Uni",2025-06-04,15.97
REC-613708,9966,NESTLÉ DESSERT Noir 205g,Unknown,France,2024-12-15,3.54
REC-793167,6407,Corn Thins Original,Real Foods,"Australia,France,New Zealand,United Kingdom",2025-07-21,2.0
REC-914211,14067,Marmite Crunch,graze,"France,United Kingdom",2024-07-27,22.51
REC-815843,9336,Chipotle & lime,Manomasa,en:gb,2024-11-15,3.67
REC-508584,11539,HIGH FIBRE CREAM CRACKERS,"Jacob's, Jacobs","Royaume-Uni, en:france",2024-10-25,12.73
REC-236097,12806,The Original Cracker,Ritz Bakery,"United Kingdom, United States",2025-12-22,16.67
REC-787632,11920,BARBECUE LENTIL CHIPS,PROPER,"United Kingdom,Netherlands",2024-11-23,4.69
REC-473925,7936,"LU - Grany Chocolate 5 Cereals Bar x6, 125g (4.5oz)",Lu,"France,Guadeloupe",2025-06-16,14.74
REC-477514,11188,Kinder Riegel Einzelpackung,"Ferrero group,Kinder","Belgium,Bulgaria,France,Germany,Morocco,Poland,Spain,Switzerland",2025-05-08,6.36
REC-105082,6224,Melloeux Fruit Rouges,Unknown,"Belgique,France,Portugal,La Réunion,Suisse",2024-12-16,5.46
REC-528664,10267,Just Snax Tortilla Chips,Sainsbury's basics,United Kingdom,2026-01-26,11.85
REC-887059,7787,"Hazelnut, Pecan & Maple Oat Bars",deliciously ella,United Kingdom,2024-08-23,10.4
REC-756881,6573,"Bonne Maman - Quatre Quarts, 500g (17.6oz)",Bonne Maman,Francia,2024-06-14,5.56
REC-436222,12499,Chips saveur Sel & Vinaigre,Unknown,"Croatie,France",2025-08-07,19.51
REC-910883,10674,Mignonnette noir de noir,"Côte d'or,Kraft Foods,Mondelez International","Belgium,China,France",2025-03-25,14.93
REC-594096,13112,La Paille d'Or aux framboises,"Lu, Mondelez International","France,Suisse, en:belgium",2024-03-09,22.58
REC-162742,12477,Musli Oat biscuits (Blueberry),Emco,"France, en:morocco",2024-11-07,17.9
REC-404794,8005,Lightly Salted Potato chips,Kettle,en:gb,2025-06-21,4.21
REC-709714,9026,Curly cacahuète l'original,Unknown,"Canada,France",2025-08-21,4.98
REC-142011,11614,Salt and Vinegar Flavour Potato Crisps,Walkers,United Kingdom,2026-01-15,17.12
REC-224018,7160,Belvita original  - Biscuits petit déjeuner miel & pépites de chocolat,"Belvita, Lu, Mondelez","France,La Réunion,Suisse",2024-05-30,13.35
REC-450859,14600,Chocolat noir Bio 70%,"Côte d'Or,Mondelez International","Belgium,France,Réunion",2025-05-14,10.2
REC-899654,7650,Chips sea salt & cider vinegar,Tyrrels,"France, en:united-kingdom",2024-12-01,19.93
REC-637476,10477,Ready Salted Crisps,Tesco Finest,"United Kingdom,Czech Republic",2024-07-06,16.99
REC-940651,10035,All butter shortbread fingers,Tesco,en:gb,2024-12-02,10.44
REC-164799,13400,The Original Speculoos,Lotus,"Francia,Alemania,Marruecos,Polonia,España",2024-06-24,19.8
REC-269908,12654,Dark chocolate,Moser Roth,en:gb,2024-06-27,5.52
REC-904498,6405,Milk Single Origin Chocolate,Waitrose,United Kingdom,2024-07-23,4.62
REC-704624,11348,Snack poppé T&H,Too GoodFrance,Frankrijk,2024-02-23,22.83
REC-117145,6566,crackerbread,RYVITA,"France, United Kingdom, en:ireland",2025-06-17,8.07
REC-526147,6216,Chocolate negro 99% cacao,HACENDADO,España,2025-10-02,16.56
REC-528594,13701,Carres graines pepites de chocolat,"Lidl, Sondey",Frankrijk,2025-01-06,15.23
REC-559831,13836,Sucre Pure Via SpecialPatisserie,Unknown,France,2024-04-03,4.82
REC-646271,10486,Chips de lentilles saveur oignons caramélisés,Vico,France,2024-09-07,7.75
REC-323617,8422,Excellence Noir Caramel à la pointe de sel,Lindt,France,2025-07-22,3.72
REC-330558,11609,Kinder Pinguin,"Kinder, Ferrero","France,Allemagne,Italie,Roumanie",2025-06-17,22.65
REC-243290,5811,Gerblé cacao céréales,Gerblé,Francia,2025-01-07,17.72
REC-884233,14107,Crakes choc,excelo,en:ma,2024-06-03,23.59
REC-386153,8164,Chocolat Tentation Noir Gourmand Amandes,Aiguebelle,"France,Maroc,en:morocco",2024-09-30,12.82
REC-561962,10725,Noir amandes entières,"Côte d'or,Mondelez","France,Morocco",2024-06-11,10.09
REC-724820,12941,Raffaello - Confetteria - Kokos & Mandelcreme,Ferrero,"Bulgaria,Francia,Alemania,Marruecos,Rumania,Reino Unido",2025-09-21,24.36
REC-449605,10319,Chocolate Chip Oat Biscuit Breaks,Nairn’s,"Czech Republic,Portugal,United Kingdom",2025-02-17,19.59
REC-949874,10721,Milk Chocolate Nut,fin CARRE,"Bulgaria,France,Germany",2025-09-20,18.32
REC-859685,8583,Lindt Excellence Dark Orange Intense,Lindt,"ประเทศออสเตรีย,ประเทศเบลเยียม,ประเทศโบลิเวีย,สาธารณรัฐเช็ก,ประเทศเดนมาร์ก,ประเทศเอสโตเนีย,ประเทศฝรั่งเศส,ประเทศฮังการี,ประเทศอิตาลี,ประเทศโมร็อกโก,ประเทศเนเธอร์แลนด์,ประเทศโปแลนด์,ประเทศสเปน,ประเทศสวิตเซอร์แลนด์,ประเทศไทย (Thai),สหราชอาณาจักร",2024-03-05,17.95
REC-157991,9251,Brioche tranchée nature ss additif,Harrys,France,2026-01-30,18.51
REC-441880,13367,Pringles,Pringles,Frankrijk,2025-04-23,14.67
REC-220764,12019,Tortilla chips,Tesco,"Isle of Man, en:united-kingdom",2024-07-24,23.48
REC-315928,9950,Mints,"J.D. Gross, Lidl","Germany,France,Finland,Spain,Bulgaria,Lithuania,Czech Republic",2024-06-21,4.56
REC-401196,13993,Pains au chocolat,Pasquier,France,2025-06-04,13.16
REC-274859,11967,Chèvre piment d'Espelette,Bret's,"France, en:morocco",2024-07-22,3.98
REC-487510,11203,Raffaello,Ferrero,"Austria, Belgium, Bulgaria, France, Germany, Hungary, Poland, Romania, Switzerland, United Kingdom, en:latvia",2024-08-25,5.63
REC-259397,12550,Mature Cheddar & Chive,Tyrell's,"France, Germany, Réunion, en:united-kingdom",2025-10-16,24.99
REC-289254,13814,raw fruit & nut bar,nakd,Royaume-Uni,2025-11-07,22.45
REC-758050,13025,Oven Baked Sweet Potato Fries,Strong Roots,"France,United Kingdom",2024-04-24,13.78
REC-830455,7199,NESTLÉ DESSERT 70% Absolu 170g,"Nestlé,Nestlé Dessert,Tablettes","France,La Réunion",2025-11-24,2.61
REC-675513,12219,Tosta Rica,Cuétara,"France,Morocco,Spain",2025-05-17,3.4
REC-894378,9551,Crunchy canadian maple syrup,Nature Valley,"Francia,España,Reino Unido",2025-11-30,15.06
REC-712691,12721,Bio crackers,Lidl,Frankrijk,2025-01-22,22.68
REC-741000,9144,McVities Rich Tea Biscuits,McVitie's,"United Kingdom, en:ireland",2024-03-01,22.32
REC-253952,13821,Baiocchi nocciola snack mb,"Barilla, Mulino Bianco","France,Italie",2024-03-29,3.79
REC-560612,12280,Intense Dark Chocolate 85% Cocoa Solids,Marks & Spencer,"France,Royaume-Uni",2025-05-19,5.02
REC-377992,13367,Tartines Craquantes Multi-Céréales,Céréal bio,"France,Switzerland",2024-11-23,19.21
REC-766839,11640,Chocolat au lait feuilleté caramel,Poulain,France,2024-11-14,5.33
REC-400914,6909,Chocolate negro 0% azúcares añadidos 85% cacao,Unknown,Spain,2024-12-14,2.21
REC-952850,14781,Chips de Sarrasin au Sel de Guerande,Brets,France,2024-03-09,18.89
REC-698801,10404,"BN - Strawberry Cookies, 285g (10oz)",BN,"Bélgica,Francia",2024-06-12,6.24
REC-555333,10657,Baked Sea Salt,Walkers,"United Kingdom, Germany",2024-10-09,20.35
REC-692545,13969,Salt and Vinegar Flavour Rice and Corn Cakes,Unknown,United Kingdom,2025-11-11,15.91
REC-817214,6912,Bonbon à la Sève de Pin,Unknown,"Belgium,Brazil,Canada,France,Switzerland",2024-07-18,20.13
REC-786321,14062,La Barquette (chocolat),LU,"France,La Réunion,Espagne",2024-10-18,4.25
REC-460626,8289,Création Rocher Noir,Lindt,"France,Allemagne,Maroc",2025-05-29,5.35
REC-224080,10303,Scottish Rough Oatcakes,Savour Bakes,"United Kingdom, en:ireland",2025-04-04,22.63
REC-757953,10560,10 Pains au lait frais sans sucres ajoutés 350g,la boulangère,France,2025-06-10,16.21
REC-115392,13265,Pomme de terre nature,Unknown,en:fr,2025-09-17,14.11
REC-892352,7611,all butter shortbread fingers,Tower Gate,"Czech Republic,France,Germany",2025-08-31,22.34
REC-700666,5519,M&M's Cacahuètes - Pack familial,"M&M's, Mars",France,2024-08-02,1.56
REC-251272,10523,NESTLÉ DESSERT Corsé 200g,"Nestlé, Nestlé Dessert, Tablettes","France,Allemagne,Martinique,La Réunion",2024-05-12,21.77
REC-483324,12448,Digestive zero sin azúcares,Gullón,"en:andorra, en:france, en:morocco, en:portugal, en:senegal, en:spain",2026-01-06,12.54
REC-212204,12863,Hazelnut Butter Dark Chocolate,Hu,"Spain, en:united-kingdom",2024-09-07,12.32
REC-540997,9547,Chips nature,"Lay's, Lays",en:fr,2025-06-15,10.28
REC-448241,10128,Le Sablé pur beurre,Unknown,"France,Maroc",2024-06-30,4.96
REC-402691,13147,Schokobons,Kinder,"Autriche,Belgique,France,Allemagne,Espagne",2025-05-26,21.0
REC-501265,13534,María dorada 0%,Hacendado,"Portugal,España",2025-06-01,7.0
REC-132229,9786,BelVita Original Petit Déjeuner pépites de chocolat,"LU, belVita","Belgique,France,Luxembourg,Suisse",2025-10-12,17.3
REC-482175,13507,Biscuits nappés de chocolat noir,Unknown,France,2024-04-30,15.8
REC-928352,7317,Berry Delight Bars,Nakd,"Belgium,Czech Republic,France,Netherlands",2024-09-22,14.31
REC-771515,9509,POM-BEAR Potato snacks,KP Snacks,United Kingdom,2025-03-07,23.09
REC-299670,11373,Aiguebelle Mini Chocolate,Aiguebelle,"France, en:morocco",2025-06-29,15.64
REC-503591,5684,Organic Sesame Biscuits,"Biscuiterie De L'Abbaye, Lidl, Sondey",France,2025-12-30,14.5
REC-620581,14477,Fourré Cacao sans sucres,Gerblé,"Francia,Polinesia Francesa",2025-05-06,11.91
REC-734098,13212,Kinder Maxi,"Ferrero, Kinder, Mixte","Belgium,France,Germany,Spain",2024-07-26,1.25
REC-241923,10558,Lentil Chips - Sea Salt Flavour,Eat Real,United Kingdom,2025-02-05,18.33
REC-885440,14660,Vegetable chips,Deluxe,"Czech Republic, Italy, United Kingdom, en:bulgaria",2024-07-06,3.74
REC-647623,11437,Bono,Unknown,en:ma,2024-09-25,4.12
REC-113143,6277,Eyoo choc,Excelo,Morocco,2024-02-09,20.01
REC-656966,11976,Tobigo,Unknown,"en:ma,",2025-10-01,21.5
REC-693147,7455,Mon Cherie,Unknown,"Austria, Germany, Switzerland, en:france",2024-07-21,19.59
REC-213879,14019,Top Original,Unknown,en:Morocco,2024-02-16,5.19
REC-532547,8179,Chips saveur Poulet Braisé,Unknown,"France, en:morocco",2024-06-05,8.46
REC-273703,12815,Petit Déjeuner Chocolat,"Belvita,LU,Mondelez","Belgique,France,La Réunion,Suisse",2024-07-29,21.43
REC-875617,7677,The golden experience,FERRERO ROCHER,"France,Allemagne,Martinique,Maroc,Suisse",2024-06-09,11.54
REC-945353,9689,Biscuits Nutella B-ready x15 gaufrettes fourrées,"Ferrero, Nutella B-ready",France,2025-08-17,20.81
REC-628376,12803,Delichoc Milk Chocolate Cookies,Delacre y,en:france,2024-02-24,20.19
REC-721254,13262,Cherry Bakewell Oat Boosts,Graze,en:gb,2024-11-25,23.98
REC-669569,8846,Cream Crackers,Unknown,"United Kingdom, en:ireland",2025-10-06,20.16
REC-332005,5142,Schoko-Bons,"Kinder, Ferrero",France,2025-04-07,21.09
REC-661603,7838,Chocolate Extrafino 80% NOIR 0% azúcares añadidos,trapa,"Spain, en:morocco",2025-11-08,24.18
REC-152568,11040,Harrys brioche tranchee pepites de chocolat sans additif 485g,Harry's,France,2026-01-30,15.38
REC-283969,11603,Biscuit Chocolat Céréales,gerlinea,France,2024-08-16,11.86
REC-623742,10968,L'original noir,Côte d'Or,"France,Morocco",2025-06-19,11.51
REC-182020,11664,Prince goût tout Choco au blé complet,LU,"France,en:La Réunion,en:États-Unis",2025-10-04,23.8
REC-734828,14472,Sticks Bretzels d'Alsace L'original,Dr. Oetker,France,2025-09-07,23.79
REC-614213,7642,Lightly salted tortilla,LIDL,"Frankreich,Deutschland",2026-01-10,23.11
REC-227715,14036,Biscuits Abricot Pistache,Gerblé,France,2024-06-16,21.09
REC-350428,7250,Protein Peanut Butter Bar,N?kd,"France, United Kingdom, en:switzerland",2025-02-12,15.8
REC-676463,10522,Ugandan dark chocolate,"Sainsburys,Sainsbury's",United Kingdom,2025-03-09,18.4
REC-561676,13637,300G DRAGIBUS SOFT HARIBO,Haribo,France,2024-09-26,20.05
REC-618587,8935,Dairy Milk,Cadbury,United Kingdom,2024-02-05,9.44
REC-310475,8391,chilli and lime protein nut crunch,graze,United Kingdom,2025-10-20,9.31
REC-560155,9783,Shortbread All Butter Fingers,Sainsbury's,"France, Royaume-Uni",2025-12-18,8.94
REC-828599,6831,Pérou grand cru Amazonas 70% note de fruits rouges,ETHIQUABLE,France,2025-07-14,20.08
REC-383499,10074,Melts Cheese,Carr's,"France,United Kingdom",2024-11-24,22.58
REC-547341,14509,Cheetos Sticks Palitos,Unknown,"France, en:morocco",2024-10-10,12.9
REC-336478,6989,Napolitain noir,Aiguebelle,"France,Morocco",2024-02-24,11.85
REC-852250,13816,Cracker épeautre et 3 graines,MAÎTRE JEAN PIERRE,France,2024-04-08,4.37
REC-934945,14644,Duo Fourré Goût Chocolat 🍫 Noisette 🥜,Belvita,"Belgique,France",2025-06-03,15.56
REC-416538,8888,Le Moelleux,Ker Cadélac,France,2024-06-04,5.5
REC-105895,5408,Mini mix,Gullón,"Algérie,France,Espagne, en:belgium, en:morocco",2024-08-15,16.08
REC-791744,11417,"Gran Cereale classico, Fiocchi d avena, farrone orzo",Gran Cereale,"Italia,Svizzera",2024-11-23,5.42
REC-629664,10466,Lightly Salted Potato Chips,Kettle,United Kingdom,2024-07-04,24.03
REC-816334,9833,Tartelettes citron,Bonne Maman,"Belgium, France, Germany, Switzerland, en:united-kingdom",2025-12-15,2.15
REC-582703,9474,Grany Noisettes 5 céréales,LU,"Belgium,France,Switzerland",2025-08-05,13.8
REC-718810,7528,Pringles Hot & Spicy,PRINGLES,"France, en:morocco",2025-04-03,8.98
REC-612639,12948,Nutella B-ready,"Ferrero,Nutella b-ready","Autriche,Belgique,France,Allemagne,Italie,La Réunion,Roumanie,Suisse",2025-11-29,1.09
REC-864840,8774,Chocolat noir pâtissier,Nestlé,"Finland, en:france",2024-09-12,24.04
REC-368267,5524,Madeleines aux œufs de poules élevées en plein air,St Michel,France,2024-05-19,3.36
REC-375286,8001,Crackers heudebert,"Heudebert,LU,Mondelez","France,Polynésie française,La Réunion",2024-04-13,21.39
REC-547576,6207,Crunchy Nut Bars with Peanuts & Chocolate,Eat Natural,"België,Frankrijk,Nederland,Verenigd Koninkrijk",2024-10-07,14.26
REC-498844,6133,L'original lait,Unknown,"Belgium,France,Morocco,Switzerland",2024-12-18,5.4
REC-200491,5023,Monaco,Unknown,"Belgique,France,La Réunion,Suisse",2025-07-08,4.5
REC-721496,12592,Gran Cereale Cioccolato,Gran Cereale,"Italia,España",2024-12-14,8.07
REC-985280,5564,Raw Fruit & Nut Bars - Salted Caramel,nākd,"United Kingdom, en:ireland",2025-05-14,15.6
REC-252231,6894,Madagascan Dark Chocolate,"Extra Special, Asda Extra Special",United Kingdom,2025-07-11,6.32
REC-137791,6601,Barres protéinées aux chocolat et cranberries sans gluten,Nature Valley,"Belgique,France",2025-01-03,6.96
REC-526840,12072,10 Pains au lait au levain,"Marque Repère, Épi d'Or","France,Italie",2025-03-08,2.57
REC-402960,13277,Cream Crackers Original,Jacob's,"France,United Kingdom",2025-08-30,4.7
REC-420573,14732,Proper Corn Sea Salted Popcorn,Proper,"Belgium, France, Netherlands, en:united-kingdom",2025-03-04,21.58
REC-268750,10758,Peanut Butter Oat Bar,Deliciously Ella,"France, United Kingdom, en:ireland",2025-03-16,1.63
REC-260601,12016,Black Forest cherry dark chocolate,Montezuma's,"France,Royaume-Uni",2024-11-15,16.42
REC-835443,8459,Doritos goût nature,Doritos,France,2025-04-03,23.6
REC-517074,5722,Bretzels d'Alsace maxi,"Dr. Oetker, Ancel","France,Guadeloupe",2024-10-07,13.39
REC-858821,12039,Yoyos Strawberry Multipack 5 x,BEAR,"France, en:united-kingdom",2025-04-10,7.11
REC-146852,10645,Capri Vanille,Excelo,Morocco,2024-12-26,14.29
REC-798014,12127,Prince -  Goût Lait -  Choco Au Blé Compet,LU,"Canada,France,Switzerland",2025-03-20,24.28
REC-559704,8805,Salt & Vinegar Lentil Chips,Unknown,United Kingdom,2024-06-01,19.13
REC-953626,5378,Fourrés Chocolat🍫,"Jardin bio, jardin bio étic Léa Nature",France,2024-11-03,1.91
REC-248915,8282,Fettuccine Alfrado,Trader Giotto's,"France,United Kingdom,United States",2024-08-07,23.79
REC-454710,7294,Petit nesquik,Nestlé,"Belgique,France,Suisse",2025-12-05,21.84
REC-123934,14679,Crêpes dentelle - L'authentique,Unknown,"France,Suisse",2024-08-21,20.74
REC-538199,11573,Scottish Rough Oatcakes,Tesco,"United Kingdom, en:ireland",2024-03-18,19.15
REC-896748,11080,Gaufre de Liège - Perles de sucre,Lotus,"Belgique,France",2024-10-15,6.77
REC-801387,10403,L'Original noir,"Côté d'Or, Mondelez",France,2024-10-07,16.31
REC-157258,12355,Apple & Raisin Oat Bar,Deliciously Ella,"France,United Kingdom",2024-11-03,14.36
REC-210063,8108,Prince petit dej,Lu,"Belgique,France,La Réunion,États-Unis",2025-01-04,20.57
REC-437082,8232,Arôme vanille,Unknown,France,2025-02-27,14.79
REC-841779,12779,Special K High Protein,Unknown,"Belgique,France",2025-12-12,1.4
REC-441261,7112,Pringles Cașcaval,Pringles,"Hungary, Morocco, Romania, Russia, Spain, en:ukraine",2024-08-13,12.33
REC-873432,8125,Bournville Dark Chocolate bar,Cadbury,"France,United Kingdom,United States",2024-12-25,21.58
REC-113841,10648,Sweet Chilli Rice Crackers,the Snack organisation,"France,Royaume-Uni",2026-02-01,20.37
REC-364828,8806,Chocolate Orange Milk,Terry's,"United Kingdom, United States, en:romania",2024-08-27,11.83
REC-530966,8152,Doo Wap pépites choco,Harrys,France,2024-08-21,19.06
REC-545232,10025,McVitie's Rich Tea The Light One (Delights),McVitie's,en:gb,2025-05-30,20.02
REC-790841,11019,LOTUS BISCOFF Speculoos Fourré - Crème Speculoos - 150g,Lotus,"Australia,Bélgica,República Checa,Francia,Alemania,Italia,Marruecos,Nueva Zelanda,Eslovaquia,España,Suecia,Reino Unido",2025-03-21,11.31
REC-995899,7738,Cake fourré saveur fraise,Unknown,France,2024-07-31,18.01
REC-764286,6219,Galettes Bretonnes Pur Beurre,Unknown,France,2025-10-26,16.56
REC-135793,5182,Sticks et Bretzels d'Alsace,"Dr. Oetker,Ancel",France,2025-12-26,16.9
REC-455654,5649,Lindt Excellence Milk Chocolate 100g,Lindt,"Australia,Dinamarca,Finlandia,Francia,Nueva Zelanda,Noruega,Suecia,Reino Unido",2024-02-20,15.11
REC-915893,9141,moelleux pépites de chocolat,Gerblé,Francia,2025-07-14,19.43
REC-279494,5298,Madeleines moelleuses nature x 24 sachets de 25 g,Ker Cadélac,"en:france, en:Suiza",2025-12-19,1.69
REC-605981,13347,"Grany moelleux, fruit des bois","Lu, Mondelez","Belgique,France",2025-01-18,15.76
REC-965000,9706,Baked Pretzels Original Sea Salted,Penn State,"France,United Kingdom,Netherlands",2025-01-06,3.45
REC-289005,5062,Pom-Bear Original 6pk,Pom-Bear,en:United Kingdom,2024-05-22,7.25
REC-158100,13976,Chips saveur Pesto Mozzarella,Brets,France,2025-12-24,13.4
REC-751061,10543,Rice Crackers Finement Salé promotion,Unknown,"Belgique,France",2025-07-05,13.2
REC-315652,10902,Bounty 2x,Mars,"Belgium, Bulgaria, Czech Republic, Denmark, France, Germany, Hungary, Iran, Montenegro, Morocco, Réunion, Romania, Saudi Arabia, Serbia, Slovakia, Sweden, Switzerland, Tunisia, United Kingdom, en:algeria",2024-07-16,17.33
REC-824782,5746,Bear Pure Fruit Yoyos Strawberry 20G,Bear,"Tschechien, Frankreich, Vereinigtes Königreich, Germany",2024-08-28,9.97
REC-116038,10484,Walkers Supreme Prawn Cocktail,Walkers,United Kingdom,2025-02-27,21.02
REC-797759,7004,Oreo Double Creme,"Mondelez,Oreo","Autriche,Belgique,Danemark,Finlande,France,Allemagne,Pays-Bas,Norvège,Suède,Suisse",2024-09-25,17.03
REC-475248,6779,Trancetto Cacao,Balconi,"France, North Korea, en:morocco",2025-03-20,24.59
REC-807924,14662,Chocolat noir dégustation 85% cacao bio,"Bio Village,Marque Repère",France,2025-10-19,16.28
REC-110224,13568,Ferrero Rocher,Ferrero,"France, Morocco, en:romania",2025-01-13,3.25
REC-189159,13071,RASPBERRY WHOLEGRAIN OAT BARS,stoats,en:gb,2024-04-22,8.56
REC-236609,13448,Noir 70 %,Biocoop,France,2025-04-20,17.67
REC-120920,11933,Knusper Schnitte,Sondey,"Франция,Германия,Швеция,България",2025-04-24,4.09
REC-342844,14577,Biscuit chocolat noir,Gerblé,"France,Réunion",2025-05-31,19.49
REC-846346,8714,Fourrés vanille bio,Bjorg,France,2024-09-01,2.67
REC-249351,5221,Haïti Grand cru Cap haïtien 72% cacaoté et fruité,Éthiquable,France,2024-09-09,1.84
REC-599185,8373,Gran Cereale Frutta,"Barilla, Mulino Bianco","Greece, Italy, Switzerland, en:france",2024-10-04,20.6
REC-430647,14678,Shortbread fingers,Belmont Biscuits,United Kingdom,2025-08-19,22.74
REC-533938,13168,Briochettes,Pasquier,France,2024-04-19,18.9
REC-859930,9693,Ugandan dark chocolate,Asda,United Kingdom,2024-12-12,10.2
REC-938747,11561,chocolat noir aux pépites,Carlotti,Morocco,2025-10-03,2.38
REC-570792,11474,Peanuts roasted & salted,Alesto,"Bélgica,Francia,Alemania,Italia,Países Bajos,Suecia,España",2026-01-25,8.84
REC-936955,5470,Cigar,henry's,"France, en:morocco",2025-10-26,6.6
REC-695435,13986,Cracotte fibres,LU,France,2025-07-20,16.86
REC-761163,6268,Cuor di cereale cioccolato,Gullón,"France, Italy, Morocco, Tunisia, en:bulgaria",2025-06-06,21.57
REC-160620,11740,Corn Smoked BBQ Crunchy Corn,Love Corn,"Spain,United Kingdom",2024-09-25,18.25
REC-671417,11925,Brunch bar choc chip,Cadbury,United Kingdom,2024-02-11,3.91
REC-982031,10416,All Butter Scottish Shortbread Fingers,Marks & Spencer,"France, United Kingdom",2025-01-14,15.64
REC-113541,9705,Taboule oriental 300g,Bonduelle,"France, Belgique, Luxembourg",2025-05-06,22.16
REC-842371,13428,Brossard le cake à l'anglaise,Unknown,"France,Switzerland",2025-06-16,10.57
REC-181325,8461,brioche tressée à la main,Unknown,France,2025-10-09,12.36
REC-992067,11794,Monster Munch Salé,"Intersnack,Monster Munch,Vico","France,Suisse",2025-09-10,11.46
REC-985552,5851,La Vicoise saveur sel de mer,Vico,France,2026-01-13,19.95
REC-232590,12804,Protein bar peanut and chocolate,Nature Valley,"France,United Kingdom",2024-03-20,16.3
REC-983019,10744,Black Peppercorn Bolli Italian Crackers,Crosta & Mollica,United Kingdom,2025-04-19,9.1
REC-848021,11603,Malt Lunchbox Loaves,Soreen,"United States, en:united-kingdom",2024-10-08,10.16
REC-244388,9790,Mini delice amandes,Aiguebelle,en:Morocco,2025-02-27,13.64
REC-736476,12032,Granola l'original,Unknown,Frankrijk,2025-06-30,5.55
REC-375103,10120,Belvita petit déjeuner goût noisette et chocolat,"Belvita, LU",France,2026-01-17,13.66
REC-978721,12600,Délichoc Noir,Delacre,France,2026-01-27,11.58
REC-857909,12918,Dunkle Voll-Nuss,RITTER SPORT,"Austria, Belgium, Czech Republic, Denmark, France, Germany, Italy, Norway, Russia, Sweden, Switzerland, United Kingdom, en:netherlands",2026-01-01,13.15
REC-428280,13347,CRUNCHY SAVOURY WHOLEWHEAT STICKS,Unknown,"France, en:united-kingdom",2024-10-15,9.35
REC-873211,5619,Sweet Chilli flavour wholegrain snack,Unknown,"France,United Kingdom",2025-11-30,13.97
REC-177177,10152,Sea salted potato crisps,Unknown,"France,United Kingdom",2024-07-08,2.26
REC-797863,8408,Wafers Bfb Hazelnut,Balconi,"France,Maroc,Espagne,Royaume-Uni",2024-07-03,13.6
REC-915342,13747,Molinetti,"Barilla,Mulino Bianco","Francia,Italia",2024-10-03,19.51
REC-491921,7451,Milka,Milka,"France, Maroc, en:morocco",2024-06-17,2.65
REC-776142,9817,Petites Madeleines  -30% de sucres,St Michel,France,2024-07-15,7.12
REC-237622,9075,Mars,"Mars, Mars Wrigley","France, Germany, Hungary, Morocco, Poland, en:romania",2024-03-13,17.6
REC-603374,6811,LOTUS BISCOFF Speculoos Fourré - Crème saveur Chocolat - 150g,Lotus,"République tchèque,France,Allemagne,Maroc,Espagne,Royaume-Uni",2024-04-19,3.98
REC-405563,10268,Snack a jacks mini,Snackajacks,"Ireland, United Kingdom, en:cyprus",2025-07-26,22.98
REC-805265,7363,Mikado Chocolat au lait,LU,France,2024-06-19,4.48
REC-725940,6421,Amandes grillées salées,Alesto,"République tchèque,France,Allemagne,Pays-Bas",2024-06-16,13.57
REC-112319,12789,Excellence Noir Sésame Grillé,Lindt & Sprüngli,"France,Maroc,Pays-Bas,Espagne",2025-01-14,9.46
REC-479833,12559,Prince Goût Vanille,Lu,France,2024-07-10,11.77
REC-863427,7692,Pringles original,Pringles,"Frankreich, en:ch",2026-01-26,13.04
REC-172842,8697,Savane chocolat,Brossard,en:fr,2024-10-21,17.08
REC-643647,7739,Kafferep,IKEA,"France,Germany,Italy",2025-10-12,11.71
REC-272358,10338,Sea Salt & Crushed Black Peppercorns,Kettle Chips,en:United Kingdom,2025-03-01,10.36
REC-352735,12195,Snickers (5 Stück à 50 g),Mars Incorporated,"en:france, en:germany, en:spain",2024-05-06,11.08
REC-781612,10982,Weiße Schokolade,"Fin Carré, lidl, Lidl Fin Carré","France,Germany,Italy,Poland,Spain",2024-10-07,21.22
REC-977968,14985,SNACK POPPÉ,TOO GOOD,"France, en:us",2025-04-21,17.87
REC-174568,10736,Madeleines Longues Marbrées chocolat,Le Ster,"Francia,Suiza",2025-10-04,13.18
REC-346543,8496,LOTUS DINOSAURUS Original Chocolat 225g (4x3p),Lotus,"France,Allemagne",2024-07-14,8.26
REC-411714,6068,Galletas Chocolate Rebuenas,Hacendado,"Morocco,Spain",2025-03-16,18.37
REC-373915,8431,Tagada,Haribo,"en:france, en:Switzerland",2024-12-28,8.32
REC-247713,14552,PAIN AU LAIT BIO PASQUIER,Brioche Pasquier,France,2024-11-05,10.0
REC-127715,8125,50G RICOLA CITRON MELISSE,Ricola,"France,Suisse",2025-06-19,2.93
REC-263705,12021,Wasa tartine croustillante sensation aux graines de chia & touche de sel 245g,Wasa,"France,Sweden",2024-11-05,11.51
REC-723202,11319,BREAKSTA Tiffany,wafer sandwich,en:Morocco,2025-09-16,8.6
REC-647565,10431,Tube caramel beurre salé,Régilait,France,2024-04-24,23.57
REC-196679,10288,Frusli Juicy Blueberries Chewy Cereal Bars 6 x (180g),Jordans,"France, Switzerland, en:united-kingdom",2024-08-19,4.82
REC-952086,11647,Mini Bites Quinoa & Chía,Gullón,"Francia,Marruecos,España",2025-08-29,21.84
REC-361666,6019,L'extra craquante nature,Vico,France,2024-09-19,11.0
REC-799310,5974,Cashew Butter + Pure Vanilla Bean Dark Chocolate,Hu,en:gb,2025-04-30,8.93
REC-404436,12293,Crunchy,Bjorg,France,2025-08-11,13.29
REC-383318,7857,the ORIGINAL CRACKER,RITZ,en:United Kingdom,2025-08-20,1.1
REC-850125,7216,Muesli Bars Chocolate,Crownfield,"Bulgarie,France,Allemagne,Irlande,Royaume-Uni",2024-07-07,10.24
REC-619056,12401,Dunkle Ganze Mandel,"Fin carré, Lidl","France,Germany",2024-12-20,1.55
REC-630599,5081,Cake aux Fruits - Tranché,"Lidl, Sondey",France,2024-05-10,16.18
REC-766752,10102,Galettes Pur Beurre,Bonne Maman,"France,Suisse",2024-09-15,14.57
REC-768004,5802,Le Palet pur beurre,La Mère Poulard,"France, en:morocco",2025-02-08,17.63
REC-579857,8304,Les craquantes blé complet,Unknown,"France,Réunion",2025-11-06,16.74
REC-271727,10870,Muesli CroustillantNoix,Auchan,"France,Spain, Monde",2024-08-18,9.39
REC-684920,10199,Celebrations,MARS,"Belgium, France, Germany, Hungary, en:morocco",2025-02-24,19.54
REC-687235,10476,Wafers Cocoa,Balconi,"France,Maroc,Suisse",2025-08-03,6.55
REC-161215,13919,Protein Bar Cookie & Cream Flavour,Ironmaxx Nutrition GmbH & Co.,"France,Germany,Bulgaria",2025-09-06,14.13
REC-773229,7829,Gourmet Sea Salt Savoury crackers,Aldi,"Ireland,United Kingdom",2025-10-08,2.78
REC-126095,7493,Love Corn Salt & Vinegat,Love Corn,en:gb,2025-06-25,2.08
REC-266437,8787,Cream crackers,By sainsbury's,"France, en:united-kingdom",2025-09-24,3.71
REC-243011,8446,Blueberry & Honey Porridge Oat Bars,Stoats,"An Fhraing,An Rìoghachd Aonaichte",2025-06-27,4.41
REC-539546,5522,Biscuit filled with hazelnut spread with cocoa,nutella,"保加利亚,德国,马来西亚,摩洛哥,波兰,羅馬尼亞,瑞士,匈牙利",2025-01-12,11.59
REC-825570,14151,hula hoops original,KP Snacks,United Kingdom,2025-08-07,4.61
REC-543821,7789,Ritz Crackers Original 200 g,Mondelez,"Germany, Norway, Spain, Switzerland, en:france",2025-04-29,24.5
REC-608252,13403,Berry Delight Fruit & Nut Bar,Nakd,"United Kingdom, en:ireland",2025-10-11,1.78
REC-437414,11696,"Chocolat Noir 72%, Collection Pure",Villars,"Croatie,France,Maroc,Suisse",2024-08-14,15.42
REC-348410,8367,NESTLE DESSERT Lait,Nestlé,"Canada,France",2025-08-07,1.05
REC-294915,10211,BelVita - Petit déjeuner Tartiné,LU,"Belgium,France,Réunion",2025-03-15,19.49
REC-848362,12458,Nature valley crunchy,Unknown,"France, Germany, Italy, en:united-kingdom",2025-05-19,4.11
REC-478427,5222,Proper corn sea salt,Proper,en:gb,2026-01-04,8.32
REC-397645,7667,Pringles Hot & Spicy,Pringles,"França,Itália,Portugal",2025-10-02,10.62
REC-298198,13206,Single Estate Venezuelan Dark clChocolate,Sainsbury's taste the difference,en:gb,2024-12-30,19.05
REC-999488,10754,بريك,Tiffany,"Saudi Arabia, en:morocco",2025-04-27,7.87
REC-567142,13819,Mint Intense Dark Chocolate,Lindt,"Ireland, en:united-kingdom",2025-03-04,4.85
REC-748415,6826,Kinder DUO,"Kinder,Ferrero","Frankreich,Deutschland,Marokko",2025-06-06,16.51
REC-212845,10753,Joyfuel Chocolat au Lait & Cookie Dough,Joyfuel,France,2025-09-11,2.84
REC-995013,9725,Doritos,Unknown,en:United Kingdom,2024-11-08,19.01
REC-240403,6000,Milka chocolate Hazelnuts,Milka,"Österreich,Bulgarien,Frankreich,Deutschland,Italien,Marokko,Niederlande,Polen,Rumänien,Thailand,Tunesien,Vereinigtes Königreich",2024-10-05,5.81
REC-843539,6886,Ovomaltine barres,Ovomaltine,"Belgium,France,Luxembourg,Switzerland",2024-12-31,8.9
REC-732172,6239,Pépito Croc sablé goût choco,Unknown,"France,La Réunion",2025-01-23,5.8
REC-389392,11439,Digestive fibra 23%,Unknown,España,2024-03-13,14.53
REC-318511,8248,Galletas María Dorada,Hacendado,España,2025-09-12,16.33
REC-188620,6736,Chocolate negro 85%,HACENDADO,"Portugal,España",2025-08-06,12.52
REC-392757,12858,Frischei-Waffeln,"Confiserie Firenze, Kuchenzauber Lidl, Kuchenzauber","Bulgarije,Duitsland,Italië,Roemenië,Verenigd Koninkrijk",2025-01-13,18.11
REC-351418,10336,Breaktime,Tiffany,"Qatar, Saudi Arabia, en:morocco",2025-02-09,8.75
REC-930683,11117,Barbeque,Pringles,"France, en:morocco",2024-11-17,24.2
REC-383420,5927,Bahlsen,Bahlsen,en:united-kingdom,2025-09-02,12.06
REC-252402,10961,Nappés intenses Eclats de fèves de cacao,Bjorg,France,2026-01-03,23.93
REC-959878,12237,Oats 'N Honey Granola Bars,Unknown,"France,United States",2025-08-18,1.35
REC-320838,5258,Biscuit saveur vanille citron,"Gerlinéa, Ma Pause Gerlinéa","France, en:switzerland",2025-11-02,4.63
REC-114796,9377,Tablette BIO dégustation Chocolat noir - 100g,Ivoria,"France, Switzerland, en:belgium",2025-09-23,23.83
REC-620781,13762,pain des fleurs sarrasin,Le pain des fleurs,"België,Frankrijk",2025-07-28,23.99
REC-758527,14701,Chocolat noir 85% cacao,"Marque Repère, Equador","France,La Réunion",2025-02-24,21.8
REC-785583,9688,Kinder Maxi,Ferrero,"Österreich,Finnland,Frankreich,Deutschland,Italien,Spanien,Schweiz",2024-05-25,15.11
REC-675659,6785,Délices au Caramel,Lightbody,France,2025-04-15,24.24
REC-513061,10459,lindt,Unknown,en:gb,2024-08-20,2.29
REC-461910,14376,Manchego & Green Olive,Manomasa,en:gb,2026-02-04,1.66
REC-418209,9355,"Butternut squash, tomato & basil Falafel",Aldi,United Kingdom,2024-06-21,15.28
REC-989169,6549,Pepito lu pépite choco,"LU,Mondelez","France,La Réunion",2025-09-05,19.89
REC-895504,11467,280G HARIBO CROCO,Haribo,"France,Suisse",2024-12-08,12.76
REC-221525,9733,La Grande Galette pur beurre,Unknown,"France, en:morocco",2024-02-05,7.35
REC-664894,11162,8 Navettes au beurre frais et à la crème fraîche,La Fournée Dorée,France,2025-05-29,11.87
REC-215902,7515,5 Banana Lunchbox Loaves,Soreen,"France, en:united-kingdom",2024-04-26,7.68
REC-682987,11767,Protein Flapjack Cocoa Oat,TREK,"France,United Kingdom",2024-09-16,16.7
REC-465696,11796,Kinder Chocolate,Kinder,"Argélia,França,Alemanha,Portugal,Sérvia,Estados Unidos",2025-06-29,3.29
REC-247274,12831,Macine mb 350g int. eu,"Barilla,Mulino Bianco","Francia,Italia,España,Suiza,Reino Unido",2025-10-18,22.97
REC-327334,5940,Sweet & saltynut,Nature Valley,France,2024-06-27,15.3
REC-450794,12469,Gâche tranchée,SAVEURS DE NOS RÉGIONS,France,2024-05-24,19.3
REC-480982,6274,Totas,tosfrit,"France,Maroc",2024-03-23,20.57
REC-606238,10295,Chocolate 95%,Trapa,"Spain, en:morocco",2024-12-13,21.39
REC-846159,11811,Fruit Slices APPLE,Go Ahead,"United Kingdom, en:cyprus",2024-09-02,6.29
REC-594573,8534,miredina,Mondelez,Morocco,2025-12-17,17.29
REC-254475,11515,Lulu L'Ourson Chocolat,"LU,Mondelez International","France,Suisse",2025-09-08,1.97
REC-997609,6579,Sablés sarrasin miel saveur citron,céréal bio,"France,Switzerland",2024-09-23,11.55
REC-344258,9455,Sweet And Salted Popcorn,Tesco,"Frankreich,Vereinigtes Königreich",2024-10-12,18.58
REC-538715,10760,LOTUS BISCOFF Speculoos Original Pocket Format Familial - 248g (16x2p),Lotus,"France, en:united-kingdom",2024-05-11,14.99
REC-732999,9921,BREAKFAST Cocoa with choc chips,belVita,"France, United Kingdom, en:portugal",2025-09-08,12.53
REC-127463,13169,Knoppers Einzelpack,Storck,"Dänemark,Frankreich,Deutschland,Marokko,Polen,Schweiz,Vereinigtes Königreich",2025-01-31,24.3
REC-196691,7786,Dark chocolate nuts & sea salt,KIND,"France,Ireland,United Kingdom",2025-09-27,24.5
REC-113479,5718,Tableta chocolate negro 85%,Carrefour BIO,"Belgique,France,Espagne",2024-11-12,2.66
REC-764198,5365,Lentil Chips,Snackrite,United Kingdom,2025-03-17,19.13
REC-316744,11025,Lindt lait extra fin,Lindt,en:fr,2024-09-27,16.04
REC-601543,11146,PiCK UP ! Choco x6,Unknown,"France, en:belgium",2024-09-16,20.76
REC-204201,6171,Fourré FIGUES,Gerblé,en:fr,2024-09-09,21.42
REC-316418,14598,curry cauliflower bites,Holland & Barrett,United Kingdom,2024-06-19,10.02
REC-260803,9776,Tartelettes chocolat caramel,Bonne Maman,"Belgium,Bulgaria,France,Germany,Luxembourg",2024-08-11,5.02
REC-993869,14044,Chips Craquante Sel Brets,Bret's,France,2024-07-27,23.05
REC-104547,9830,Hanuta 10er-Pack,Ferrero,"France, Germany, Morocco, Switzerland, en:ukraine",2025-02-12,15.14
REC-437468,9108,Onduladas campesinas,Risi,"Maroc,Espagne,Francia",2025-07-01,20.42
REC-868294,10244,Sweet & Salty Popped Crisps,Popworks,"Ireland,United Kingdom",2025-11-13,19.41
REC-992864,10746,chipsfrisch ungarisch,funny-frisch,Deutschland,2025-07-01,6.39
REC-955523,8057,Noir 85%,Biocoop,France,2024-02-24,16.04
REC-218768,6370,Matin Chocolat,Unknown,France,2024-02-21,22.75
REC-382273,6367,MACARONI CHEESE WITH BACON,WOOLWORTHS FOOD,"Bulgaria,France,Germany",2025-04-10,18.36
REC-346482,14372,Véritable petit beurre🧈,Unknown,"Belgium,France,Switzerland",2024-04-18,20.4
REC-408869,7478,Le palmier,Bjorg,"France,Switzerland",2025-06-21,9.72
REC-609749,13831,Fourrés goût citron,Bjorg,France,2024-06-04,23.43
REC-518995,11640,Nicaragua grand cru waslala 75%,Unknown,France,2025-03-02,1.33
REC-294094,9642,Dessert 72%,Aiguebelle,"France,Maroc",2025-03-31,10.89
REC-236778,6005,tentation croque lait aux noisettes suprêmes,Aiguebelle,"France, en:morocco",2024-07-07,12.5
REC-679537,7701,REGAÑA,Hacendado,"Rumania,España",2025-04-28,19.89
REC-504192,9185,Galleta dorada,Gullón,"France,Morocco",2024-07-29,11.36
REC-884903,7594,Tortilla Chips,Stockwell & Co.,United Kingdom,2024-09-20,19.56
REC-120400,11836,Wholegrain Ryvita Crackerbread,Ryvita,United Kingdom,2025-02-25,20.12
REC-742848,14075,Sablés Pavot Coco,Unknown,Francia,2025-02-14,17.98
REC-993045,11096,Choco Tablet Zero sin Azúcares,Anturios,"Marruecos,España",2025-08-17,17.7
REC-276484,5450,Extra Dark 85% Cocoa,"Fin Carré,Lidl","Bélgica,España",2025-10-15,21.94
REC-380641,6676,Donut,Be,en:ma,2024-03-07,1.21
REC-298768,6956,Melty - Be,Be,Morocco,2024-04-08,20.37
REC-173877,11980,6111259345782,Unknown,en:Morocco,2024-02-23,21.29
REC-900752,9555,Digestive sin azúcares,Gullón,España,2024-07-04,1.0
REC-234370,8993,Chocolat Noir Amande et Écorces d'Orange,lidl jd gross,"France,Netherlands,United Kingdom",2024-08-20,4.58
REC-302639,14765,14 Gaufrettes saveur Cacao,"Brun, Mondelez",Francia,2024-05-30,21.72
REC-392128,8230,Brioche tressée pépites de chocolat,Pasquier,France,2024-05-26,9.52
REC-332397,10763,Mon Chéri,Mon Chéri,"Frankreich,Deutschland,Schweiz",2024-10-26,2.0
REC-834378,9927,Anglesey sea salt crisps,Pipers,"France, Switzerland, en:united-kingdom",2025-10-24,13.22
REC-610291,6868,Chocolat Dessert Noir 55%,Aiguebelle,"France, en:morocco",2025-06-03,23.2
REC-582086,8981,Milka Choco Mini Stars,Milka,"Bulgaria,Croacia,Estonia,Francia,Polonia,República Srpska,Rumania,Eslovenia,España",2025-08-26,23.81
REC-137989,8808,Choco wafer,"Milka,Mondelez","Francia,Marruecos,España",2025-07-24,16.73
REC-664778,11341,Pelotazos,"Cheetos,PepsiCo","Portugal,España",2025-01-30,17.13
REC-710479,7970,Eat Natural Bar Peanut&Chocolate 45g,"Eat Natural, Handl norway as","France, Germany, Netherlands, Spain, United Kingdom, en:belgium",2024-02-29,14.94
REC-800626,5120,KIDDYLICIOUS Veggie Straws - saveur Légumes - 48g (4x12g),Kiddylicious,"France, en:united-kingdom",2024-12-04,7.79
REC-476792,10960,Barquillos Chocolate Zero sin azúcares,Gullón,"Morocco, Romania, Spain, en:bulgaria",2025-01-04,13.46
REC-659487,5267,Mini cheddars,Unknown,en:gb,2024-11-21,21.51
REC-436451,5050,Barres de céréales fraises et framboises x 6,Crownfield,France,2025-06-24,1.48
REC-668201,14522,Oatcakes - Organic,Nairn's,"France, en:united-kingdom",2025-10-23,21.37
REC-559769,9717,Multigrain Crackers,Rivercote (LIDL),France,2025-03-28,11.18
REC-163843,7058,Mélange de noix et pistaches,Alesto,"Bulgaria,France,Germany,Switzerland",2024-06-11,5.69
REC-389627,7968,Petit écolier tendre coeur au lait,"LU,Mondelez international",France,2025-05-10,15.77
REC-291625,9280,Tartines de Pain multi-céréales,Pasquier,France,2025-01-16,3.97
REC-460105,9017,Chocolat noir 72% cacao,"Marque Repère, Equador","France,Réunion",2024-06-08,18.01
REC-111592,12951,Chocolat Noir 95% Togo,Alter Eco,"France,Switzerland",2024-09-29,8.08
REC-965114,7928,Maltesers 175g,MALTESERS,"Argelia,Austria,Bélgica,Egipto,Francia,Alemania,Marruecos,Qatar,Suiza,Túnez,Emiratos Árabes Unidos,Reino Unido",2024-11-10,3.1
REC-143795,12084,Sweet & Salty Popcorn,Propercorn,"France, Switzerland, United Kingdom, en:belgium",2024-10-22,7.0
REC-327611,14977,Caprice,Papadopoulos,"Bulgaria, France, French Guiana, Greece, Guadeloupe, Romania, en:italy",2025-02-06,20.17
REC-663235,14945,Horno Al punto de sal,"Lay's,PepsiCo","Italia,Portugal,España",2025-07-30,21.66
REC-216026,13503,Snack Pipas,Anitin,Espanha,2025-05-15,19.74
REC-755317,12628,Sour Cream & Onion Potato Chips,Popchips,en:gb,2024-10-25,12.84
REC-981342,9462,8 Crêpes Chocolat,Whaou,France,2024-06-05,2.36
REC-710952,10977,Savoury Crackers,Savour Bakes,en:gb,2024-02-22,21.86
REC-507409,5862,Major,SAÏDA,Morocco,2025-03-18,15.89
REC-977027,11506,Clorets,Clorets,Morocco,2025-11-07,4.26
REC-645017,5017,Ready Salted Grab Bag Crisps,Walkers,United Kingdom,2024-09-20,12.01
REC-651702,8050,Digestive,Unknown,"Croatia, Italy, Romania, Slovenia, en:france",2024-10-10,7.31
REC-534429,13627,Erdnüsse geröstet & gesalzen,Ültje,"Österreich,Deutschland",2026-01-20,8.42
REC-247463,5655,Choco Tom gaufrettes,Tom,Tunisia,2025-10-17,2.12
REC-789412,11990,Sablés beurré nantais,"LU, Mondelez International","France,Allemagne,Suisse",2025-11-24,16.52
REC-999404,14703,Grany Fraise 🍓 & Framboise,Lu,Francia,2025-10-22,11.64
REC-130511,6344,Laus nature,"Lay's, Lays, PepsiCo",France,2025-02-09,7.02
REC-917059,12881,3D's Bugles goût nature,"3D's Bugles, BENENUTS, LAYS, Lay's",France,2025-02-14,5.19
REC-183053,6705,"Gerblé - Choco Hazelnut Filled Cake, 200g (7.1oz)",Gerblé,Francia,2025-09-03,8.48
REC-511759,7039,Galette Épeautre Son d'Avoine,Bjorg,"France,French Guiana,Morocco,Switzerland",2025-05-07,14.72
REC-974820,9615,Pain d'Épices au Miel,Brossard,"en:france, en:Suiza",2024-08-30,15.66
REC-624871,13121,barbeque flavour popped potato snacks,popchips,"France, United Kingdom",2025-05-21,23.22
REC-161412,6432,Original Oreo,Oreo,"Belgium, Canada, Denmark, Finland, France, Germany, Mauritius, Morocco, Réunion, Spain, Switzerland, en:latvia",2025-10-24,5.2
REC-507617,10369,Takis Fuego 90g,Unknown,"en:morocco, en:spain, en:france",2025-12-05,17.94
REC-583819,12795,Cacahuètes grillées sans sel ajouté.,Carrefour,"Belgique,France,Italie,Pologne,Roumanie,Espagne",2025-04-01,18.06
REC-386157,7846,Le Petit Beurre,LU,en:gb,2025-01-18,11.23
REC-814427,14101,Pringles Salt & Vinegar,Pringles,"Germany,United Kingdom",2024-08-16,12.39
REC-816700,9477,Jelly Snakes,THE NATURAL CONFECTIONERY CO.,"Switzerland,United Kingdom",2025-02-08,10.41
REC-837125,9228,Madeleine,Bonne Maman,"France,Royaume-Uni",2025-10-15,5.7
REC-185893,7422,POULAIN NOIR EXTRA 200G,Poulain,France,2024-02-09,6.39
REC-475215,14944,Snack a Jacks Caramel Rice Cakes,Snack-A-Jacks,"France, en:united-kingdom",2024-06-15,20.09
REC-527082,10476,Jacobs Savours Salt And Black Pepper Bakes,Jacobs,"France, en:united-kingdom",2025-04-01,4.02
REC-943230,8023,Dark Chocolate 85% Cocoa,Unknown,Romania,2025-11-19,21.91
REC-887106,13893,Gran cereale croccante con riso,Gran cereale,"Francia,Italia",2025-03-05,16.76
REC-475078,5189,Chocolate 85% Cacao 0% Azúcares Añadidos,Valor,"Bolivia,Chile,Colombia,Ecuador,Marruecos,Rumania,España",2025-08-05,22.9
REC-240162,8735,Mini cracker!,Gullón,"Francia,Spagna,Italia, en:morocco",2025-05-30,1.39
REC-779048,13269,Biscuits à l'orange Orange et au graines de Chia,"Gerblé, Gerblé Bio","France,La Réunion",2024-06-15,8.76
REC-375336,10650,Cashews roasted & salted,Alesto,"Bulgaria,France,Hungary,Romania,Spain,United Kingdom",2025-09-29,11.44
REC-709387,10421,"Gerblé - Organic Muesli Fig Apricot Spelt Cookie, 132g (4.7oz)",Gerblé Bio,France,2024-06-16,23.14
REC-407316,7196,Tartines croquantes,"Aldi, Simplement Bon et Bio",France,2025-01-31,5.85
REC-858767,8973,Petits chocos 🍫,Bonne Maman,France,2025-01-12,16.01
REC-598404,12274,Barre granola goût chocolat et enrobage crème de cacao,Vitalia,France,2024-05-21,11.86
REC-989289,6898,Chocolat au lait du Pays Alpin,"Kraft Foods, Milka",France,2026-01-24,7.18
REC-846558,9606,Tablette de chocolat noir 100g,"U, U Bio",France,2024-02-12,10.22
REC-291860,12564,Tartines craquantes Multicéréales,"JARDIN BIO ETIC, Jardin bio",France,2024-11-27,4.98
REC-647168,6886,Chilli Heatwave Tortilla Chips,Doritos,"France,United Kingdom",2024-10-21,24.41
REC-804584,11991,Dunkle Schweizer Schokolade mit Chili-Extrakt,Lindt Excellence,"Australia,Dinamarca,Francia,Nueva Zelanda,España,Suiza,Reino Unido",2025-09-07,16.62
REC-280797,7748,Sasanki,"Lidl,Roland,Sondey,Trium","Bulgaria,Czech Republic,France,Poland",2024-04-04,18.05
REC-218429,11026,Black Pepper Savoury Crackers,"Aldi, Specially Selected","United Kingdom, Germany",2024-06-07,7.58
REC-820572,14990,Lightly sea salted,Sainsbury's,United Kingdom,2024-08-25,17.96
REC-479422,11567,Honey Roast Crunch,Graze,United Kingdom,2025-11-24,8.65
REC-966925,9174,Salt & Vinegar flavoured rice cakes,Tesco,"Ireland,United Kingdom,en:united-kingdom",2025-03-03,12.08
REC-318299,12291,Barbecue Lentil Chips,Proper Chips,United Kingdom,2025-06-01,21.31
REC-934772,8086,Lays,Lay's,France,2024-09-08,7.39
REC-505061,12134,Milk Hazelnut,Lindt,"France,Maroc",2024-02-19,16.52
REC-201449,13246,Sablés bio chocolat noir intense,Céréal Bio,"Belgium,France,Spain,Switzerland",2025-02-17,17.84
REC-752813,11929,Petits Muffins Chocolat,Unknown,"France,Germany,Switzerland",2025-01-06,15.91
REC-664382,13394,Biscuits Farine de Blé et Graines de Sésame,Bjorg,France,2025-06-16,13.02
REC-947013,12219,20 madeleines longues aux œufs frais,Le Ster,"Canada,France,Allemagne",2024-02-18,11.17
REC-909742,10084,La Gâche Tranchée,La Fournée dorée,France,2024-07-17,3.19
REC-507539,12871,Cioccolato Nocciole intere,RITTER SPORT,"Austria, Belgium, Czech Republic, Denmark, France, Germany, Ireland, Italy, Philippines, Switzerland, United Kingdom, en:netherlands",2025-10-26,17.07
REC-122982,8212,Crunchy Canadian Maple Syrup,Nature Valley,"France, Germany, United Kingdom, en:ireland",2025-04-09,3.2
REC-323880,14871,raw fruit & nut bar,Nākd,"Bélgica,República Checa,Francia,España,Suiza",2024-09-30,6.69
REC-406158,6244,Rosemary & sea salt Flatbreads,Nairn's,"France, en:united-kingdom",2025-03-04,4.66
REC-224476,8349,Dolca chocolate negro,"Dolca,Nestlé","Argelia,Francia,Marruecos,España",2024-02-06,15.41
REC-720973,10030,Sea Salted popcorn,Unknown,United Kingdom,2024-02-28,22.88
REC-336820,9595,Lightly salted tortilla chips,Aldi,United Kingdom,2025-10-11,19.85
REC-138780,9275,Biscuits caramel épeautre,Gerblé,France,2024-04-14,16.56
REC-187419,7747,Donut milky,Unknown,en:ma,2024-04-15,2.35
REC-647081,13501,Chips saveur beurre salé,Brets,France,2024-04-02,13.18
REC-536166,7911,Almond Butter + Puffed Quinoa Dark Chocolate,Hu,United Kingdom,2025-07-12,20.55
REC-676722,5228,Rice and Corn Cakes,Snack a Jacks,en:United Kingdom,2024-08-21,22.84
REC-312311,11108,Caramelised Onion & Balsamic Vinegar Pea & Bean Sticks,Off The Eaten Path,en:gb,2025-07-17,22.74
REC-939425,9066,Sticky Toffee Oat Boosts,Unknown,United Kingdom,2025-12-13,11.4
REC-180800,13602,Soft Bakes Blueberry,"Belvita,Mondelez",United Kingdom,2024-04-17,10.74
REC-790409,14117,MADELEINES CHOCOLAT LAIT,Bonne Maman,France,2025-10-01,10.62
REC-258740,10660,"Bonne Maman - Le petit Quatre-Quarts pur beurre, 300g (10 sachets fraîcheur)",Bonne Maman,"France,en:france",2024-08-23,10.42
REC-586138,10754,Monster Munch - Produit soufflé à base de pomme de terre goût salé,Unknown,Frankrijk,2025-09-23,1.17
REC-948010,6414,Chips Paysanne,Brets,en:france,2025-04-01,13.8
REC-656624,14296,La madeleine coque chocolat noir,Maison Colibri,France,2025-08-21,15.95
REC-627465,9319,Bio Vollmilch-Schokolade,Fairglobe,"France, Germany, Spain, en:romania",2024-06-17,12.02
REC-862824,6149,Tunnocks Teacakes 6pk al anhar,Tunnock’s,"Australia, France, Spain, en:united-kingdom",2025-01-17,1.13
REC-621553,11127,Gaufres de Liège perles de sucre,Lotus,"Belgique,France",2024-09-07,1.33
REC-640030,5943,Pufuleti,Gusto,"Germany, Hungary, Romania, Spain, fr:francia, en:united-kingdom",2024-11-17,20.31
REC-363709,11230,La Buena María Original,"Fontaneda,Mondelez","Francia,España",2024-05-13,24.82
REC-693182,6983,Barritas de trigo y arroz integral con chocolate con leche,Hacendado,Spain,2024-08-16,11.19
REC-668123,7387,Protein Bar,Unknown,"Germany,Bulgaria",2024-07-25,23.71
REC-814899,5229,LOTUS BISCOFF Speculoos Original Pocket - 186g (12x2p),Lotus,France,2025-12-18,24.84
REC-847049,7866,Petites madeleines aux œufs saint Michel,St Michel,France,2024-04-21,24.09
REC-863361,9411,"Hazelnut, Caramelised Cashew & Pistachio Milk Chocolate",Waitrose,United Kingdom,2025-04-02,4.56
REC-990571,11012,Biscotti Pan di Stelle,"Barilla, Mulino Bianco","France,Italie,Espagne",2024-05-22,20.33
REC-246458,6775,Root Vegetables,Tesco,en:gb,2024-06-13,22.54
REC-867763,5945,Cheese Twists,M&S Food,United Kingdom,2024-03-15,8.22
REC-727112,13324,Quadro l'original,Cémoi,France,2025-03-15,15.49
REC-579136,13571,Takis Fuego,"Barcel, Takis","Bosnia and Herzegovina, France, Germany, Romania, en:belgium",2024-02-28,10.44
REC-822917,6265,original made with sea salt,triscuit,"France,United States, World",2024-04-14,1.34
REC-475261,7445,Roasted Cashew-Peanut-Mix Honey & Salt,"Alesto, Lidl","Germany,United States",2024-02-27,22.85
REC-923721,6741,Scottish Rough Oatcakes,Rivercote,"France,United Kingdom,en:united-kingdom",2025-05-31,13.55
REC-760379,10111,Menier Pâtissier Tablette,"Nestlé, Menier",France,2025-04-03,16.25
REC-437902,5350,"Gerblé - Sesame Chocolate Cookie, 200g (7.1oz)",Gerblé,"Francia,Martinica",2024-06-19,7.7
REC-271147,5701,Formule boost,Daco Bello,France,2025-09-11,21.41
REC-213317,7388,WALKERS  SALTED,Walkers,United Kingdom,2025-09-11,15.18
REC-266689,8992,Conikos fromage,Conikos,Maroc,2025-01-30,11.5
REC-239220,9396,Pan Goccioli,"Barilla, Mulino Bianco","Italy,Switzerland",2024-07-07,1.52
REC-391103,8565,Sour Cream & Chive Flavour Wheat & Potato Pretzel Knots,Penn State Snacks,"France, en:united-kingdom",2025-03-26,13.56
REC-653026,12527,Organic cacao nibs,Unknown,en:gb,2024-12-11,3.48
REC-846891,11252,Fluffy Milky,best biscuits,en:Morocco,2025-06-06,15.86
REC-522970,8207,Gullon zero Snack Choco,Gullón,"Spain, en:morocco",2024-05-26,10.83
REC-443022,5469,Browny,Be,Morocco,2025-01-29,21.49
REC-810406,7157,Mikado chocolat au lait,"Glico, LUMondelez, Mikado","en:france, en:switzerland, en:Belgique, en:spain",2025-08-09,17.87
REC-905909,11926,"BN - Cookies - Mini Strawberry x 5, 175g (6.2oz)",BN,"Belgium, France, Switzerland, en:morocco",2025-08-05,20.86
REC-658364,7955,Pain d'épices miel,Bjorg,"France, en:morocco",2025-02-26,1.53
REC-448844,7037,Chocolat noir aux écorces d'orange,Alter Eco,France,2024-03-24,2.11
REC-239562,14930,Doritos Cool Original 180g,Doritos,"France,United Kingdom",2024-05-17,1.03
REC-556341,5432,chocolat NESTLE DESSERT Noir 2X205g,"Nestlé dessert, Tablettes","Canada,France,Allemagne",2024-04-11,14.48
REC-418377,11371,Caramelo,"Milka,Mondelez","Bélgica,Francia,Italia,Marruecos,Países Bajos,Portugal,España",2024-07-06,11.91
REC-681037,8263,Tablette Kinder Chocolat Chocolat au Lait x16 -200g,"Kinder, Mixte","France,Spain",2025-08-07,1.68
REC-222981,6449,Più integrali,Galbusera,"en:italy, en:france",2025-10-08,3.51
REC-897575,12965,Raw Fruit & Nut Bar,Unknown,"France, en:united-kingdom",2024-11-07,8.37
REC-924883,12563,Pancakes,la fournée dorée,France,2024-11-28,24.52
REC-940891,5742,Brioche Chocolat,Unknown,en:fr,2025-03-31,8.29
REC-193508,8575,Quality Street,Nestlé,"Belgium, France, United Kingdom, en:morocco",2024-08-15,7.05
REC-823819,6801,Peanut butter bars,Graze,en:gb,2025-06-28,3.02
REC-800802,10117,50G RICOLA FRAMBOISE MELISSE,Ricola,France,2025-01-14,13.19
REC-688703,11492,Veggie Straws,Eat Real,en:United Kingdom,2025-02-14,24.12
REC-278812,10649,Sablé des FLANDRES,Unknown,"France,Suisse",2024-05-31,12.85
REC-315062,9986,Kango,"Kango, LU",France,2024-05-29,17.55
REC-593546,8506,Belvita petit déjeuner,"Belvita, LU, Mondelez",France,2025-08-25,22.48
REC-724394,11126,Mejora,mejora,en:morocco,2024-06-04,20.71
REC-236920,6739,Flan pâtissier,alsa,France,2024-03-22,17.35
REC-673732,14940,Granola Bar Vanilla & White Cream,VITALIA,"Netherlands, en:france",2024-02-07,17.9
REC-801989,11261,Sablés sésame & pavot,Cereal bio,"France,Switzerland",2025-09-18,24.7
REC-809953,7355,Sablés Myrtilles Germes de riz,Unknown,"France,Suisse,en:france",2025-05-18,24.79
REC-699892,8149,Financiers amandes,Bonne Maman,France,2025-10-31,11.43
REC-127088,12111,Toetilla Chips Nature,Carrefour,"Belgium,France,Morocco, Italie, Espagne, Pologne, Roumanie",2024-12-04,1.48
REC-741840,9867,Chocolate negro,Nestlé,"Francia,Marruecos,España",2025-01-06,1.06
REC-276146,5884,Oreo Enrobed White imp,"Charbonnel et Walker, GINBIS, Mondelez, Oreo, Oreo - Mondelēz International","Belgique,France,Allemagne,Italie,Maroc,Royaume-Uni",2024-07-25,1.66
REC-210526,10329,CHOCOLATE SALTED CARAMEL FLAVOUR VITAMIN & PROTEIN BAR,FULFIL,"France, Spain, United Kingdom, en:belgium",2025-11-23,22.22
REC-975885,12924,Essential waitrose wholewheat biscuits,Waitrose,"Francia,Reino Unido",2024-08-31,1.78
REC-604853,8195,Harrys brioche tranchee farine complete sans additif 485g,Harrys,France,2025-09-09,3.86
REC-458423,13185,Barres céréales FRAISE,"Carrefour BIO, Carrefour","en:belgium,fr:France, Italie, Espagne",2025-02-22,16.94
REC-891146,6734,Protein Bar,KIND,en:gb,2024-08-04,18.82
REC-377795,13099,Sweet Chilli & Sour Cream Potato Chips,Kettle,"France, en:united-kingdom",2025-12-02,5.56
REC-893530,10022,Biscotti allo yogurt Dolcesenza,Misura,Italia,2024-06-18,15.38
REC-240159,14086,Toast crock' céréales complètes,Carrefour,"France,Italy,Poland,Romania,Spain",2025-12-14,13.25
REC-930563,11291,Crunchy Oats & Honey,Nature Valley,"France,Switzerland,United Kingdom",2025-10-18,9.78
REC-171365,12672,Avoine citron 🍋 graines de chia,Bjorg,France,2024-11-01,22.53
REC-294340,6040,70% équateur,Alter Eco,France,2025-07-26,5.52
REC-635882,13864,Pipers Anglesey sea salt crisps,"Pipers,PepsiCo","France,United Kingdom",2025-12-25,1.29
REC-287802,8079,Almond And apricot with a yoghurt coating fruit and nut bar,Eat natural,"France,United Kingdom",2024-02-17,10.53
REC-315140,12112,Dégustation - Chocolat Noir 72% Cacao,"Maestro,Saïda","France,Tunisie",2025-05-30,24.22
REC-717281,5148,Les Grandes 34% Hazelnut Dark,Lindt,Reino Unido,2026-01-30,21.03
REC-312621,11778,Salinis,Unknown,"France, Germany, Hungary, Luxembourg, United Kingdom, en:italy",2025-08-19,15.6
REC-386763,6306,Galletas cereales & fibra,Unknown,España,2025-01-03,1.99
REC-794150,8234,Organic wholemeal digestive biscuits,Doves farm,"France, en:united-kingdom",2025-02-15,1.92
REC-417513,6916,Chocolat noir,SCHOLETTA,France,2024-09-13,11.35
REC-587672,14698,Digestive 0%,Hacendado,"Portugal,España",2024-09-07,22.6
REC-999230,8901,Fluffy,Be,Maroc,2024-07-31,23.49
REC-722294,11572,tortilla chips,Unknown,Royaume-Uni,2025-05-24,7.98
REC-301994,10649,Silvia Duo Cacao,Excelo,en:ma,2025-11-04,24.31
REC-417972,14035,Biscuits avoine chocolat,"Carrefour BIO,Carrefour","France,Italie,Espagne",2025-04-13,21.72
REC-378786,7970,Panettone Classico,Favorina,Spagna,2025-01-30,8.6
REC-299437,12690,Snack mix,Alesto,"Frankrijk,Duitsland",2024-08-05,16.44
REC-678303,8659,Madeleines coquilles,Sondey,France,2024-11-13,18.08
REC-520068,13562,Pitch,Brioche Pasquier,"France,Suisse",2024-04-25,2.78
REC-125492,5559,"Ker Cadélac - Marble Cake, 500g (17.6oz)",Ker Cadélac,Francia,2024-10-05,18.41
REC-451824,12389,Petit beurre tablette Chocolat noir,"Carrefour BIO, Carrefour","Belgique,France,Polynésie française,Guadeloupe,Italie,Pologne,Roumanie,Espagne,en:france",2024-05-08,14.9
REC-366550,8646,Bourbon Creams,Tesco,"France,Germany,United Kingdom,Ireland",2024-02-28,20.0
REC-706943,5083,Prince goût chocolat,"LU, Mondelez, Prince","Belgique,France,Guadeloupe,Luxembourg,Martinique,Suisse",2026-01-03,24.01
REC-762832,8104,Flutes aux 3 graines,Kambly,France,2025-05-27,7.12
REC-622589,12242,Soft Bakes Choc Chip,Belvita,"France, United Kingdom, en:ireland",2024-12-22,21.46
REC-885570,12609,Thins - Multiseed Flatbreads,Aldi,en:gb,2024-07-20,18.92
REC-258088,8957,Avena con chocolate negro - sin azúcares añadidos,Gullón,"Marruecos,España",2025-12-20,2.47
REC-934446,12062,Naked Oven Chips,McCain,en:gb,2025-01-06,8.64
REC-361222,9873,Cream Crackers,Savour Bakes,"Ireland, en:united-kingdom",2024-07-07,13.95
REC-169485,12726,Prinzenrolle,DeBeukelaer,"Germany, en:austria",2025-12-15,22.36
REC-894538,13105,Monster Munch crazy original,Vico,en:fr,2024-10-17,7.69
REC-276003,7364,Walkers baked,Walkers,United Kingdom,2024-02-09,13.95
REC-234480,12437,Twix 5x2,"Twix, Mars","Germany, Switzerland, en:france",2025-11-20,21.89
REC-824768,11612,Jaffa Cakes,Tower Gate,"Finlândia,França,Alemanha,República da Irlanda,Estados Unidos",2025-10-01,10.85
REC-982478,13664,Tortitas de Maíz,Unknown,"Alemanha,Portugal,Espanha",2024-02-08,2.56
REC-361595,6362,Gerble - Miel Châtaigne graines de lin,Gerblé,"France,Polynésie française,États-Unis",2024-12-16,21.36
REC-554247,14658,Doonuts,St Michel,France,2024-03-18,1.71
REC-995018,11143,Pitch choco x 8,"Brioche Pasquier, Pasquier","France,en:france",2025-11-01,17.93
REC-998260,10343,Vico Extra Craquantes,Vico,France,2025-04-15,10.21
REC-318319,10320,90% cacao noir,Carrefour,"France, Italy, Morocco, Spain, fr:Francia, en:romania",2024-11-24,3.51
REC-292889,5832,Brioch'Burger,La Fournée dorée,France,2025-04-26,12.74
REC-874806,10855,Biscuits craquants saveur citron,"Karelea, Léa nature",France,2025-06-25,5.9
REC-375627,11993,Crunchy Nut & Almond,Santé,"France, en:morocco",2024-09-03,6.96
REC-482706,7384,Dinosaurus,"Artiach,Mondelez","en:spain, en:france",2025-02-08,6.81
REC-863530,5153,Cuore di cereale. Biscotti di avena con frutti rossi,Gullón,"France, Italy, Spain, en:morocco",2025-01-18,5.86
REC-675627,6583,CereAlé,Kinder,"Austria,France,Germany,Italy",2024-02-12,24.49
REC-371590,6005,Wheat Biscuits,Stockwell,"Germany,Ireland,United Kingdom",2024-04-18,16.03
REC-373063,14641,Karéléa épautre noisette,"Karéléa, Léa Nature",France,2025-03-20,10.43
REC-236208,7948,"Gerble - Organic Chocolate Cookie Flavored w/ Banana, 132g (4.7oz)","Gerblé, Gerblé Bio",Francia,2025-05-23,9.19
REC-823306,11300,Barres Céréales Graines et Amandes,"Carrefour BIO, Carrefour","France, Italie, Espagne",2026-02-02,10.23
REC-818969,6072,Ricola Eucalyptus,Ricola,France,2024-03-16,22.28
REC-202116,5612,Texas BBQ Sauce,Unknown,"Germany, en:united-kingdom",2024-09-12,17.22
REC-520296,6583,Chips saveur Tartiflette,Brets,"Francuska,Hrvatska",2024-05-23,12.78
REC-924073,13332,Chips de Lentilles Saveur Paprika,Vico,France,2025-04-07,15.36
REC-162168,9602,Barritas de cereales mango,Hacendado,"Portugal,España",2024-10-29,8.8
REC-796251,9769,"Coleslaw, choux blanc et carottes",Saladinettes,France,2025-09-05,11.96
REC-398825,6640,Chipster,Belin,France,2025-12-14,6.66
REC-257543,9713,Cioccolato al latte,"LU,Mikado,Mondelez","Bélgica,Francia,Italia,España,Reino Unido,Estados Unidos",2026-02-04,18.9
REC-404143,6276,MINI BN Chocolat,BN,France,2025-12-06,16.19
REC-880410,12969,Chocolat noir sans sucres ajoutés,Gerblé,"France, en:switzerland",2025-09-22,6.79
REC-244513,10125,"Bonne Maman - Petits Cakes Fruits, 300g (10.6oz)",Bonne Maman,Francia,2025-08-09,2.34
REC-534272,14149,Le Biscuit De Natty,Bjorg,France,2024-11-28,1.53
REC-499128,7512,Tartines craquantes au sarrasin,Terres et céréales Bio,France,2025-10-28,4.14
REC-719451,11908,Tartines craquantes quinoa pois chiche,Jardin bio,France,2026-01-17,15.17
REC-109240,7141,Chips nature à l'Ancienne au sel de Guérande,Bret's,France,2025-12-10,19.16
REC-678730,12261,Bruschette sour cream,Unknown,"Bulgaria, France, Serbia, Spain, en:morocco",2024-10-08,12.13
REC-938124,8643,Lorenz Saltletts Sticks,"Lorenz, Lorenz / Netto",Deutschland,2025-09-04,19.75
REC-594455,10059,Digestives,McVities,"France,en:united-kingdom",2025-09-12,11.03
REC-411539,13726,Choco Biscuits,Milka,"Francia,Marruecos,España",2024-12-10,5.81
REC-704843,13136,Tortilla chips,"General Mills, Old El Paso","en:france, en:germany, en:greece, en:spain, en:Suiza",2024-10-17,1.96
REC-974469,6641,Più integrali Ricchi di Fibre Segale,Unknown,"France,Italy",2025-04-25,7.91
REC-748474,6653,Ambassadeur noir précieux 70% cacao,Bimo,Algeria,2024-08-12,15.86
REC-974451,10818,all butter scottish shortbread fingers,Lidl,France,2025-02-13,12.13
REC-368339,10762,Dark Chocolate Almond Sea Salt 51%,Tony's Chocolonely,United Kingdom,2025-02-19,10.18
REC-806968,11810,Grahams,Honey Maid,United States,2025-07-18,13.47
REC-918691,12901,Lentil bites sea salt,Lidl,"Ireland,United Kingdom",2025-02-18,16.6
REC-163736,8081,Belgian dark chocolate,Waitrose,United Kingdom,2025-07-07,22.04
REC-339680,7068,Sandwichs Choc,excelo,en:Morocco,2025-03-13,7.48
REC-435803,11185,Sweet chilli crunch,Graze,en:gb,2024-11-25,23.32
REC-646898,7408,peri peri crunch,graze,en:United Kingdom,2024-06-04,11.7
REC-322233,13679,MINI BROWNIES lidl,Unknown,"Belgique,France,Italie",2024-10-03,15.22
REC-102437,10166,"BRUN - 14 Wafers Vanilla Flavor, 146g (5.2oz)",Brun,"Frankrijk,Zwitserland",2024-04-19,24.75
REC-307627,11068,La Paille d'Or aux fraises,"LU, Mondelez",France,2025-06-30,18.81
REC-448265,5976,Lindor noir,Lindt,France,2025-10-05,1.04
REC-934286,11520,"Tagada, L'originale",Haribo,France,2025-01-15,8.75
REC-580193,8343,Le Palmier,Saint Michel,"France,Suisse",2026-01-17,11.11
REC-421704,13247,La classique nature,"Intersnack France, Vico","France,Suisse",2025-08-05,2.29
REC-389360,5515,Clotted Cream Shortbread Fingers,Paterson's,"France, en:united-kingdom",2025-05-15,10.43
REC-256058,13471,Tuc original - Biscuits salé,"LU,Mondelez International","Belgique,France,Guadeloupe,Italie",2025-08-21,22.82
REC-485226,8073,King Kotes - Corn Fried Barbecue flavoured,Sol de Alba,"Marruecos,España",2024-12-25,13.69
REC-278659,8708,Salted Popcorn,Tesco,United Kingdom,2024-08-13,21.14
REC-813831,7179,Chocolat noir et caramel Côte d'ivoire 78%,Ethiquable,France,2024-04-25,5.51
REC-639958,9601,Scottish Shortbread Fingers,Asda,en:gb,2025-01-22,11.81
REC-304091,5053,Absolute Black Orange & Cocoa Nibs,Montezuma’s,en:gb,2025-11-25,11.15
REC-862313,7764,macaroons,Mrs Crimbles,United Kingdom,2025-09-14,24.61
REC-308461,8496,ready salted crisps,walkers,en:United Kingdom,2026-01-26,22.22
REC-231389,12239,Bounty,Bounty,en:Morocco,2024-05-23,22.26
REC-843385,12452,Lightly sea salted hand cooked crisps,M&S,"France,Royaume-Uni",2024-04-23,23.51
REC-728214,5179,Chouchou,Alesto,Frankrijk,2025-12-26,21.43
REC-552340,8869,Grany chocolat🍫 au lait🐄🥛 noisettes🥜,LU,Francia,2024-12-17,9.95
REC-648686,8507,Sablé de Retz Le Véritable,St Michel,"Belgique,France,Martinique,La Réunion,Suisse",2024-11-17,9.03
REC-915625,14356,600G HAPPY BOX HARIBO,Haribo,"France,Suisse",2025-02-02,14.02
REC-599213,12294,Fourrés choc',Le moulin du pivert,"Belgium,France",2024-10-19,14.12
REC-877009,5861,Curly cacahuete,"Curly, Intersnack, Vico",Francia,2024-12-01,3.36
REC-121908,9141,MARZIPAN DARK CHOCOLATE WITH MARZIPAN,Ritter SPORT,"Belarus,Bulgaria,Czech Republic,Denmark,France,Germany,Greece,Morocco,Poland,Romania,Russia,Slovakia,Spain,Sweden,United Kingdom,Belgique",2025-03-06,6.46
REC-314566,6634,Melts Original,Carr's,"France, en:united-kingdom",2024-09-28,13.01
REC-154093,6817,The Original Speculoos,"Biscoff, Lotus","Belgium,France,Sweden",2024-02-16,21.93
REC-215889,13313,Crackers,Schär,"Bélgica,Bolivia,Francia,Alemania,Italia,México,Países Bajos,Rumania,España",2025-03-25,23.28
REC-276502,10539,Galletti mb 350g int. eu,"Barilla, Mulino Bianco","France, Italy, Serbia, en:bulgaria",2025-07-29,7.72
REC-772291,11300,Kurkure,Kurkure,"France,India,Nepal,Spain,Canada",2025-07-14,12.18
REC-351944,6919,Milk chocolate caramel seasalt,Fin Carré way to go,"Belgium, France, Germany, Luxembourg, Netherlands, Romania, Sweden, United Kingdom, en:spain",2024-08-31,20.66
REC-355592,10093,biscotti cereali g granola e frolla,Galbusera,"Francia,Italia",2024-06-01,7.65
REC-923645,8181,Frita saveur poulet,Unknown,en:ma,2025-01-11,11.7
REC-476368,6916,pop chip bbq,Popchips,en:United Kingdom,2026-01-05,13.83
REC-548590,10699,P'tit nature 5 céréales,BJORG BIO NUTRI +,en:fr,2024-12-14,24.7
REC-433464,11076,THINS ROSEMARY & SEA SALT FLATBREADS,Unknown,en:gb,2025-10-25,13.41
REC-529167,9608,La galette fourrée,Unknown,en:fr,2024-05-16,22.42
REC-227982,10663,Black chocolate 72% with almonds,Hacendado,"Marruecos,España",2024-10-09,12.44
REC-259461,12650,Brioche tressée nature allegée en sucres sans additifs 450g,Harrys,France,2024-07-09,13.2
REC-909459,6466,6111031005491,Unknown,en:Morocco,2025-02-05,3.86
REC-626158,6867,Luxury Hot Cross Buns,Unknown,"France,United Kingdom",2025-06-27,1.8
REC-417209,14402,Cheese Oatcakes,nairn's,"France, Spain, en:united-kingdom",2025-01-13,11.26
REC-654925,6311,200G SCOUBIDOU LUTTI,Lutti,France,2025-02-01,17.33
REC-325900,8488,Biscuit muesli avoine Gerblé,Unknown,Francia,2025-12-21,18.55
REC-107230,7813,Fourrés Myrtilles,Bjorg,France,2025-09-28,20.66
REC-703564,5128,Chips Nature l’Originale Nutriscore B,Brets,France,2025-07-25,1.7
REC-518027,6179,Fine gaufre,"Karelea, Léa nature",France,2025-11-17,1.97
REC-951568,10173,Duplo Einzelriegel,"Duplo,Ferrero","Österreich,Deutschland",2025-10-21,22.77
REC-209292,12095,Hummus chips tomato and basil,Unknown,"France,Netherlands,Switzerland,United Kingdom",2025-04-07,3.22
REC-792593,13517,Pringles Hot & Spicy,Pringles,"Belgium,Germany",2024-05-13,20.31
REC-228096,14220,Furrows Sea Salted imp,Tyrrell’s,United Kingdom,2025-06-16,4.99
REC-620416,10629,Toblerone Dark Chocolate with Honey & Almond Nougat,"Mondelez, Toblerone","France, Germany, Italy, Morocco, Switzerland, United States, en:romania",2024-06-04,20.66
REC-325974,8823,Dairymilk buttons,Cadbury,"Switzerland,United Kingdom,United States",2025-12-23,9.01
REC-214326,8029,Mignonnette® Noir - Orange,Côte d'Or,France,2025-03-17,2.8
REC-905602,10000,Kinder Schokobons White,"Ferrero, Kinder","Austria,France,Germany,Spain",2025-02-12,22.44
REC-959730,13347,Gustosines,"Cheetos,PepsiCo","Marruecos,España",2024-04-08,20.57
REC-280826,6936,Sea Salt & Vinegar Potato Chips,Popchips,"France, en:united-kingdom",2024-05-12,8.21
REC-737970,7753,Stem Ginger Oat Biscuit Breaks,Nairn's,"France,United Kingdom,en:united-kingdom",2024-03-06,20.23
REC-588226,8550,Mamas Babydream Stillsaft,Rossmann,"Germany, en:united-states",2025-02-09,6.41
REC-492166,6479,NESTLE LION Céréales caramel chocolat BIO 400g,"Nestlé, Lion, Lion bio","Belgique,France",2025-01-15,8.15
REC-577810,7442,Galletas 0% azúcares añadidos,"Sondey,Lidl",España,2024-09-03,19.02
REC-921077,12701,Chocolat Villars Noir 85% 100g,Villars,France,2026-01-11,13.08
REC-886569,12680,Sainsbury tortillas,Sainsbury's,United Kingdom,2026-01-08,6.18
REC-752416,6411,Pan di Stelle,Mulino Bianco pan di stelle,en:it,2024-08-24,14.43
REC-722431,14586,Crimbles Coconut Macarons IMP,Danube,"Verenigd Koninkrijk,Nederland",2025-02-14,8.62
REC-187840,14362,Cream Crackers,Savour Bakes,en:United Kingdom,2025-10-13,22.37
REC-842977,9067,Wasa tartine croustillante sensation aux flocons d'avoine & touche de sel 265g,Wasa,"France,Suède",2025-01-16,17.68
REC-636807,11828,Cracotte goût choco-noisette,Unknown,"France,Switzerland",2024-05-23,15.64
REC-337073,11502,Milka - Riz croustillant,"Milka, Mondelez","France, Germany, Morocco, en:italy",2025-12-03,15.93
REC-607413,6007,Excellence Noir Menthe Intense,Lindt,France,2024-03-22,14.94
REC-660334,12862,Création Crème Brûlée,Lindt,France,2025-11-24,20.24
REC-541183,5944,Macédoine 1/2,Bonduelle,"France,en:france, République tchèque",2025-05-02,18.52
REC-771409,10241,Riz provencal 320g,Bonduelle,"France, Belgique",2025-05-14,17.8
REC-488746,14777,Longfizz,Unknown,"Belgium,France",2024-08-23,21.67
REC-126607,8019,biscuits a la cuillere,Bonne Maman,Francia,2024-02-18,2.93
REC-928442,8112,Carottes râpées Au jus de citron*,Carrefour,"Belgique,France",2024-07-24,19.01
REC-249544,5181,Chips A L'ancienne Sel de Guérande Brets,"Altho, brets",France,2025-08-29,11.53
REC-812174,14956,10 Pains au Lait,La Fournée dorée,France,2024-06-19,2.29
REC-243111,5772,Hobnobs Milk Chocolate,McVities,"France,United Kingdom",2024-11-15,17.92
REC-845916,5715,caprice,Papadopoulos,"Bulgaria, France, Greece, en:cyprus",2024-09-15,21.49
REC-658424,5011,Pâte de cacahuète pindakaas,Calvé,"Belgien, Frankreich, Luxemburg, Rumänien, Germany",2024-08-29,3.2
REC-417967,12100,Barni lapte,Mondelez,"France, Romania, en:bulgaria",2025-02-21,14.82
REC-744133,13201,Fiori d'acqua,Unknown,"en:italy, en:france",2024-06-12,17.95
REC-276523,14324,Mini fish,Gullón,"France, Spain, en:morocco",2025-12-08,3.52
REC-354028,14644,Sandwich sabor yogurt,gullón,"França,Alemanha,Hungria,Portugal,Espanha",2025-12-18,21.14
REC-566981,13056,Grissini Artigianali Romarin,Florelli,France,2024-02-08,6.13
REC-412499,11003,Dark Chocolate,Waitrose & Partners,en:gb,2025-06-30,3.08
REC-266940,5428,Barre Céréales CHOCOLAT,"Carrefour BIO, Carrefour","France, Italie, Espagne",2024-12-16,8.6
REC-327475,11422,Patatas Light,HACENDADO,"Portugal,España",2025-08-15,10.44
REC-508874,5374,Texas BBQ - Sauce,Pringles,"France,Italy",2026-01-26,12.19
REC-694110,12981,Nature Wrap De Blé,"Snack Day, Grafschafter","Germany, en:france",2025-01-10,19.33
REC-949485,6585,Tortillas à base de farine de blé,"Grafschafter, Snack Food Poco Loco, el tequito","Bulgarien,Frankreich,Deutschland",2024-09-30,18.85
REC-189866,12756,LULU,Lu,France,2025-06-10,10.29
REC-391046,13826,tartines craquantes riz châtaigne,Céréal Bio,France,2024-07-28,18.12
REC-223265,7293,Pains au lait format familial,Brioche Pasquier,"France,Suisse",2026-01-16,4.69
REC-416620,12032,Noir amandes entieres,Carrefour,"France,Italy,Spain",2024-09-12,17.0
REC-771257,14249,Cacahuètes non salées,"Marque Repère, Tokapi","France, en:re",2024-08-08,7.32
REC-289841,11197,Corny Free Schoko,Corny,"Bulgaria,France,Germany,Italy",2025-03-19,3.77
REC-828883,13845,Organic Dark Cooking Chocolate,Green & Black's,"France,Royaume-Uni,États-Unis",2025-09-26,22.15
REC-710834,11171,Flavour Cheese,"LU, Mondelēz, Tuc","Bélgica,Dinamarca,Finlândia,França,Alemanha,Itália,Países Baixos,Portugal,Espanha,Suécia,Suíça",2024-07-21,15.95
REC-791945,5082,Galleta María,Unknown,"Francia,México,España",2024-08-13,15.52
REC-698605,7190,Ferrero Rocher,Ferrero,"Australia,Marruecos,Nueva Zelanda,España,Emiratos Árabes Unidos,Reino Unido",2025-06-25,3.32
REC-283472,8857,Belgian Dark Chocolate,Kallø,en:GB,2025-03-15,4.56
REC-366226,6647,Digestives,Hatherwood,Bulgaria,2025-09-06,2.31
REC-739496,10470,Knoppers Nussriegel Einzelpackung,Knoppers,"Allemagne,Maroc,Pologne,Roumanie,Suisse",2025-01-15,1.67
REC-618029,10811,Happy Hippy 74% Cocoa Organic Orange & Geranium Dark Chocolate,Montezuma's,United Kingdom,2024-09-19,13.83
REC-121202,7322,Digestive Avena,"Lidl,Sondey","Portugal,Spain",2024-07-01,7.67
REC-174773,8786,Hobnobs,McVitie's,"United Kingdom,France",2024-02-26,17.72
REC-654434,12872,Salt & Vinegar (crunch),Graze,gb,2025-08-25,9.98
REC-459220,12098,Choco Leibniz - Dark,Bahlsen,en:united-kingdom,2024-11-27,23.67
REC-935294,5437,fun,Be biscuits,en:Morocco,2025-02-27,16.18
REC-324715,6468,Galettes de Pont-Aven,Saveurs de nos Régions,Frankrijk,2024-07-10,15.05
REC-645058,13246,Envitas miel & pépites de chocolat,Sondey,France,2024-04-18,14.21
REC-755998,14644,Cracotte Fraise,"Lu, Mondelez","Belgium,France,Switzerland",2025-05-23,13.04
REC-435176,13068,150G LINDOR LAIT LINDT,Lindt,France,2025-12-24,5.75
REC-503494,14481,Tartines craquantes bio à la châtaigne sans gluten,"Ekibio,Le Pain des fleurs","Belgium,France,Switzerland",2026-01-09,9.6
REC-250360,6796,Choco Bisson cacao,Unknown,"Francia,Suiza",2024-09-03,3.2
REC-930429,12217,Peanut,m&m's,"France,Germany,Italy,Luxembourg,Romania,Switzerland",2025-01-12,5.88
REC-779570,10213,Frusli Juicy Red Berries Chewy Cereals Bars 6 x (180g),Jordans,"France, en:united-kingdom",2025-10-06,16.4
REC-671292,9770,Pipers Burrow Hill Cider Vinegar & Sea Salt Crisps,"Pipers,PepsiCo","France,Switzerland,United Kingdom",2024-02-27,6.33
REC-849772,13733,Hand-Cooked Crisps Lightly Sea Salted,Unknown,"France,United Kingdom,Ireland",2025-11-19,24.0
REC-960920,12197,Gran saraceno,galbusera,Italy,2025-07-08,3.2
REC-886411,10840,Misura Privolat,Misura,Italy,2025-06-08,6.48
REC-836786,13386,Doritos Nacho cheese,Doritos,Belgium,2025-12-09,4.21
REC-597543,9995,Almond Butter & Salted Caramel Cups,Unknown,United Kingdom,2024-12-18,18.18
REC-741571,9988,Maxi croust,Unknown,en:ma,2025-01-28,7.01
REC-949086,9818,Kinder joy,"Ferrero, Kinder",France,2025-04-27,18.26
REC-636894,14818,Savane tout choco,Brossard,France,2025-10-28,4.16
REC-434765,14231,DARK CHOCOLATE NUTS & SEA SALT,"KIND,Mars Wrigley","Francia,Alemania,España,Suiza",2024-04-23,16.59
REC-330819,11633,Nachos,Hacendado,Spain,2024-11-09,14.44
REC-152003,13235,Galletas chocolate 0%,Hacendado,España,2024-12-08,8.0
REC-454001,12122,Bourn Vita 500Gram Pauch,Lu,"India, Romania, United Kingdom, United States, en:bulgaria",2025-11-07,5.99
REC-711964,9046,Gpav cracker salato pav 560 gr,Unknown,"Italy, Germany, France",2024-12-07,18.5
REC-717959,8970,Dominican dark chocolate,Sainsbury's,United Kingdom,2025-10-01,5.43
REC-493176,10583,Sea Salt flavour pea and bean sticks,Unknown,en:United Kingdom,2025-04-01,2.5
REC-911993,8563,Patatas fritas 0% sal,Hacendado,España,2025-12-11,2.71
REC-657100,7824,10 pains au lait,maitre jeanpierre,France,2024-12-26,6.02
REC-737049,6163,original made with sea salt,triscuit,"France,United States, World",2024-04-08,4.73
REC-350392,6761,Fruit Oat Biscuit Breaks,Nairn's,"France, United Kingdom, en:ireland",2025-01-18,12.98
REC-544623,8701,Ginger Crystallized In Dark Chocolate,Chocolove,"United States, World, en:india",2024-10-30,20.58
REC-310249,6590,Envitas Céréales complètes et pépites de chocolat,Sondey,Frankrijk,2024-05-19,3.14
REC-859435,14606,"KITKAT Ball, Billes au chocolat au Lait, 250g","Nestlé, Kit kat ball, Kitkat",France,2025-09-22,20.24
REC-670105,10699,Pois wasabi,Tanoshi,France,2025-09-08,23.09
REC-545382,10072,Crackers bio emmental et graines de courge paquet de 200g,"U, U Bio",France,2025-03-07,17.24
REC-160413,8017,Tartines bio craquantes multi-céréales sans gluten,"Le pain des fleurs, ekibio","France,Suisse",2024-12-17,17.37
REC-515616,11738,Galettes aux flocons d’avoine fourrées chocolat noir,Biocoop,France,2024-10-27,12.69
REC-311452,7159,Mix énergie,Alesto,"Frankrijk,Duitsland",2024-12-26,17.0
REC-934656,13082,100G COTE D'OR NOIR ORIGINAL,"Côte d'Or,Fraft Foods","Belgium,France",2024-11-23,7.2
REC-962558,5068,LOTUS DINOSAURUS Original Chocolat lait 225g (4x3p),"Lotus, Lotus Bakeries","France,La Réunion",2025-06-08,13.94
REC-641713,14614,Biscoff,Lotus,"Czech Republic,France,Italy,Spain,Switzerland,United Kingdom",2025-06-20,15.51
REC-618722,13083,Toblerone White,Unknown,"en:bolivia, en:france, en:germany, en:morocco, en:Suiza",2025-09-17,6.67
REC-672625,10975,Milka Choc & Choc,MILKA,"Bélgica,Francia,Alemania,España",2024-05-19,9.39
REC-284045,14898,Alpine Milk,"Milka,Mondelez","Austria,Francia,Alemania,Portugal,España",2025-05-11,11.25
REC-415154,13799,Mini Oreo,"Oreo,Mondelez","Austria,Francia,España",2025-05-26,13.52
REC-144391,11694,Wafers alla vaniglia,balconi,"Italy, Morocco, en:france",2024-11-26,12.84
REC-462936,11321,Doritos Tex-mex,Doritos,"Francia,Marruecos,España",2024-07-12,6.94
REC-564988,10918,8 Pains au lait frais Bio à la farine complète 280g,la boulangère,France,2025-05-25,20.51
REC-671166,7613,Galletas Maria Sin Gluten,Hacendado,España,2024-12-15,13.93
REC-819983,8543,Noir extra 99%,Equador,France,2025-11-17,9.56
REC-166982,9132,Fagottini,Balocco,Italy,2024-05-14,14.33
REC-847357,13894,Caramel Almond & Sea salt bar,Kind,en:gb,2025-01-31,3.42
REC-778795,8219,Recette à l'ancienne,"Lay's, Lays",en:fr,2024-05-04,10.07
REC-188613,10014,Protein Cookie Double Chocolate,Bodymass,France,2025-01-29,23.05
REC-749759,7610,Pavesini 200 gr,Pavesi,"Francia,Italia",2025-01-04,4.1
REC-966890,8123,Donut,Unknown,en:ma,2026-01-26,15.36
REC-409122,12661,Barre protéinée,Joyfuel,en:fr,2025-05-31,4.47
REC-162042,10063,Palitos frutos secos,Hacendado,España,2025-02-25,6.98
REC-370964,7843,Sfogliatine glassate,Unknown,"Bulgaria,Francia,Italia",2024-09-11,7.9
REC-828818,6623,Bruges Assortment Biscuits,"Delacre, Ferrero","Belgique,France",2025-04-28,14.56
REC-378837,6892,Lutti guimauve chocolat,Lutti,France,2025-06-19,23.56
REC-350692,12955,madeleines,Saint Michel,France,2024-10-27,14.88
REC-602222,8934,Tablette dessert chocolat noir 52% - 200g,"Intermarché, Ivoria",France,2024-10-09,13.92
REC-355268,10536,Brioche Tranchée,Carrefour,France,2025-03-12,14.07
REC-353264,10679,Taboulé au poulet à la ciboulette,Pierre Martinet,France,2024-08-30,22.15
REC-488857,8372,8 Pains au lait,Unknown,France,2024-03-18,16.63
REC-531968,8834,Tartines craquantes froment,"Marque Repère, Épi d'Or",France,2024-02-22,9.8
REC-365666,10155,Chinois crème pâtissière,La Fournée Dorée,France,2025-12-06,8.14
REC-613926,6869,"Grand cœur fondant, chocolat noisettes","Michel et Augustin,Ferrero","France,Switzerland",2024-04-17,24.67
REC-626897,6851,Spearmint Flavour,Wrigley's Extra,"France,United Kingdom,en:united-kingdom",2024-11-23,2.36
REC-715439,6053,Twiglets Original,Jacobs,"France, en:united-kingdom",2025-02-10,7.68
REC-699888,6852,Tuc,Tuc,"France,Royaume-Uni",2024-10-28,10.61
REC-115358,9210,Nutella & GO,Ferrero,"Belgium,France,Germany,Switzerland",2026-02-04,6.16
REC-714727,6682,Roasted & Salted Peanuts,"Stockwell & Co, Tesco","France,Germany,United Kingdom",2024-06-01,16.89
REC-562376,12578,Momo white,Excelo,"France,Morocco",2025-08-05,6.25
REC-186239,9356,Хрус-хрус,Maxi sticks,Bulgaria,2025-02-11,15.49
REC-383171,14854,Le Sfoglie,Italiamo,"Croatia, France, Spain, United Kingdom, en:romania",2026-02-04,3.89
REC-154746,11883,Vitamin coconut bar,Sante,"Egypt, Germany, Morocco, Romania, en:poland",2025-08-20,2.66
REC-710440,10010,Protein Bar Chocolate Brownie,Lidl,"France,Italy,Spain,United Kingdom",2025-07-15,17.3
REC-238083,5395,Chocolate negro 72%,Hacendado,"Morocco,Spain",2025-03-17,18.71
REC-894864,8441,Kinder tronky,"Ferrero,Kinder","Australie,France,Allemagne,Nouvelle-Zélande",2024-12-15,9.88
REC-903339,12486,Barritas de galleta rellenas de arándanos,Hacendado,"Portugal,España",2025-03-31,14.06
REC-527625,13919,milka triple chocolat avec morceaux de biscuits,Milka,en:Morocco,2025-08-10,5.99
REC-827523,14604,Mini Rollos Chocolat au Lait & Coeur fondant au Lait,"LU,Mondelez,Pépito",France,2025-09-15,17.15
REC-911943,13632,Chips à l'Ancienne nature,"CMI (Carrefour Marchandises Internationales), Carrefour, Carrefour Original, Groupe Carrefour","France, en:morocco",2025-11-30,4.45
REC-225721,5885,Sel et Poivre,Unknown,France,2024-02-12,14.92
REC-674813,5520,Tablette dégustation chocolat noir 70% - 100g,"Les Créations, Producteur & Commerçant","France, en:belgium",2025-09-21,20.33
REC-362150,8096,P'tit déj bio céréales et chocolat,Unknown,"France,Spain",2024-04-18,4.59
REC-765266,12093,Dipster,Carrefour,"France,Italie,Espagne",2025-12-14,15.35
REC-678283,13434,Chocolat noir aux éclats d'amandes,Alter Eco,France,2025-09-08,18.13
REC-526402,12595,Snacks a Jacks Chocolate Chip Rice Cakes 180g,Snack a Jacks,"France,United Kingdom",2024-04-17,4.86
REC-247704,12305,Dark chocolate bar with cranberries and macadamias,Eat Natural,"France,United Kingdom",2024-12-28,7.33
REC-360645,8571,Pipers Lye Cross Cheddar & Onion Crisps,Pipers,"France, en:united-kingdom",2025-09-22,9.9
REC-432468,14210,raw fruit & nut bar,nakd.,"Spain, en:united-kingdom",2025-05-01,22.52
REC-896481,8436,Snack Aper Matutano Doritos Tex-Mex 120g,"Doritos, Pepsico","France, Portugal, en:morocco",2024-10-01,9.3
REC-346240,7082,Fibrextra,Misura,"法国,意大利,瑞士,Japan",2024-02-11,14.43
REC-810414,9410,Choco Chip Cookies,"Schär,ARVID NORDQUIST NORGE AS","France,Germany,Italy,Netherlands,Poland,Spain,Switzerland",2025-04-27,10.19
REC-196394,9919,Digestive Choco,Unknown,"Francia,Portugal,España",2024-08-24,2.74
REC-570728,13112,Maria,Gullón,"Belgium, en:morocco",2024-03-22,15.36
REC-318805,13443,Lu thé pocket,LU,France,2026-01-01,21.95
REC-454748,14468,KP Dry Roasted Peanuts,KP,"France,United Kingdom",2025-12-19,23.96
REC-832139,10919,Kinder Cards Family-Pack 20days,"Ferrero, Kinder","Frankreich,Deutschland",2024-12-18,11.72
REC-485234,10933,Organic Peruvian 85% Cocoa Dark Chocolate,Moser Roth,United Kingdom,2025-04-08,24.43
REC-695546,12172,Nascondini mb 330g int. eu,Mulino Bianco,"Hrvatska,Francuska,Njemačka,Italija",2024-02-21,7.68
REC-775836,13262,Salted Potato Rings,Hula Hoops,United Kingdom,2025-12-08,22.27
REC-922538,11230,trufas,lacasa,en:Morocco,2024-12-21,13.28
REC-963706,10143,Granola cookie cœur extra moelleux,Granola,France,2025-01-05,9.71
REC-886381,5823,Oaty & Crispy Avoine & Cacao x 5 barres de 23 g,Unknown,en:fr,2024-07-15,15.3
REC-966843,6397,Avoine & miel,Nature Valley,France,2024-05-08,23.61
REC-951651,7853,Spéculoos,Sondey,France,2025-06-15,2.7
REC-466621,12051,Chocolat noir bio 70% cacao,"Fair,simplement bon et bio",France,2025-06-22,2.59
REC-479956,8720,Glico Mikado & Go - Chocolat au lait,"LU, Mikado","France, Spain, en:italy",2025-11-02,1.02
REC-267547,5737,Triangolini Sésame,Belin,"France,en:france",2024-12-24,3.81
REC-600661,6897,300G DRAGÖLO HARIBO,Haribo,France,2025-03-22,8.33
REC-758659,11467,Bénénuts 3D's Bugles Goût bacon,"3D's Bugles, BENENUTS, LAYS, PepsiCo",Francia,2025-05-01,3.62
REC-912417,8284,Crousti Chocolat,Gerlinea,France,2026-01-15,6.9
REC-133930,12583,Tartelettes framboise,Bonne Maman,"Belgique,France,Allemagne,Suisse,Royaume-Uni",2024-04-27,19.72
REC-229387,8763,Chips de légumes,"Bouton D'Or, Les creations",France,2024-02-16,24.46
REC-120214,6934,Curly Cacahuète L'Original,"Curly,Intersnack,Vico",France,2025-07-18,1.71
REC-660334,5314,Pains au chocolat x 8,"Marque Repère, Épi d'Or",France,2024-03-05,21.88
REC-447636,14455,Déli Matin allégé de 30% en sucres aux pépites de chocolat,"Marque Repère, P'tit Déli",France,2024-04-15,7.75
REC-578343,11561,Déli Matin Multi-Céréales,"Marque Repère,P'tit Déli",France,2025-04-30,12.33
REC-551973,7959,Chocolat noir Fèves de cacao,Ethiquable,France,2024-07-08,13.58
REC-110289,12074,Finest Selection Assorted European Chocolates,"Merci,Storck","Bulgaria,France,Germany,Spain,Switzerland,Qatar",2025-10-22,4.94
REC-805359,6340,Sour Cream & Cracked Black Pepper Flavour Wholegrain Snack,Sunbites,"France, en:united-kingdom",2025-10-28,7.36
REC-388577,12823,Doritos Tangy Cheese,"Doritos,Walkers",United Kingdom,2025-03-01,19.3
REC-870994,6103,Oreo Original,Oreo,"France,Royaume-Uni",2024-10-06,5.35
REC-533704,9456,Caramelo Liquido,"Royal, Mondelez","Frankreich, Marokko, Spanien, Germany",2024-11-02,1.95
REC-237148,11569,Original Neapolitaner,Manner,"Czech Republic,Germany",2025-02-24,18.15
REC-500768,13433,Barritas frutos secos,Hacendado,España,2024-11-05,8.09
REC-132115,12282,María choco,Hacendado,Spain,2025-08-21,21.34
REC-969205,8290,Chocolat Noir IRRESISTIBLE 70%,Co Op,United Kingdom,2025-03-11,17.29
REC-128027,7976,Galletas Relieve,Hacendado,España,2025-09-21,18.57
REC-794061,8432,Schtroumpfs,Haribo,France,2024-06-02,19.69
REC-391244,5957,All Butter Pistachio and Almond Cookies,Unknown,"Czech Republic, France, Thailand, Scotland, en:united-kingdom",2024-02-22,14.47
REC-803408,12788,Lightly Salted Rice Crackers,Unknown,United Kingdom,2025-07-02,10.59
REC-451300,11473,Cereali G - granola e frolla,Galbusera,Italy,2024-12-14,24.48
REC-535797,5960,Petites tartelettes Chocolat caramel,Unknown,"Belgium,France",2025-11-24,16.84
REC-182838,10269,Biscuits petit déjeuner,"WW, Weight Watchers",France,2024-10-06,7.48
REC-421396,13767,chocolate orange dipped almonds,Deliciously Ella,"France, en:united-kingdom",2025-06-23,1.41
REC-825231,12446,Tablette Lait noisettes et amandes pilées,Merveilles du Monde,France,2025-12-17,4.28
REC-314385,14938,Petites Madeleines,Bonne Maman,"France,Royaume-Uni",2024-10-01,24.68
REC-861014,5869,Flûtes feuilletées fromage,Snaktastic,"France,Germany,United Kingdom",2024-05-10,6.43
REC-402908,11994,Musli bar apple,Crownfield,Alemanha,2024-08-17,10.63
REC-855527,9299,10 pains au lait,Carrefour,"France, en:belgium",2025-01-13,24.67
REC-589457,7325,Biscuits Croquants Avoine Chocolat,Evernat,France,2025-07-17,5.62
REC-972625,12470,Chocolat dessert pâtissier,"Marque Repère,Tablette d'Or","France,Allemagne,La Réunion,Tunisie",2025-10-26,24.02
REC-762627,6644,Tables du Mondes - Tortillas chips original,"Marque Repère, Tables du Monde",France,2025-09-25,12.62
REC-310695,10372,Rochers - chocolat au lait,Suchard,"France, en:be",2025-03-07,19.92
REC-167697,11029,Sablés authentiques Épeautre,Unknown,France,2024-10-31,12.08
REC-622907,10440,Tartines craquantes avoine,"Jardin bio, Léa Nature",France,2024-06-04,15.05
REC-100261,5312,Lapin d’or chocolat au lait,Lindt,"Åland Islands, Finland, France, Germany, Sweden, Switzerland, en:united-kingdom",2024-06-13,16.17
REC-261443,5800,Milchschnitte 10er-Pack,"kinder,Ferrero","Österreich,Frankreich,Deutschland,Italien",2024-04-13,10.2
REC-628281,11146,Salted Tortilla Chips,Essential Waitrose & Partners,"France, United Kingdom",2024-03-10,6.63
REC-218902,11304,After Eight,Nestlé,"France, Germany, Switzerland, en:morocco",2026-01-07,19.8
REC-433228,14407,After Eight Dark Chocolate Thins,Unknown,"Francia,Germania,Paesi Bassi,Svezia,Italia",2025-09-23,18.72
REC-520060,7760,Tuc Sour Cream & Onion,LU,"Danmark,Frankrig,Tyskland,Schweiz",2025-06-21,16.75
REC-711588,13073,Schoko Bons,"Ferrero,Kinder","Austria,France,Germany,Hungary,Italy,Romania,Switzerland",2024-10-14,19.31
REC-955736,11280,Ricola eucalyptus,Ricola,France,2026-02-01,3.71
REC-109679,14129,Loacker,Loacker,"France, United Kingdom, en:romania",2025-09-27,15.75
REC-769831,5442,María sin gluten,Gullón,"Hungary,Morocco,Spain",2024-10-05,11.06
REC-254616,13795,Milk Chocolate Coated Caramel Wafer Biscuit,Tunnock’s,"France,Spain,United Kingdom",2025-04-29,18.55
REC-223368,5063,Chocolat Kinder Chocofresh fourré lait noisette x5,"Ferrero, Kinder","Autriche,Belgique,France,Allemagne,Roumanie,Suisse,Royaume-Uni,Hongrie",2025-09-18,20.25
REC-238171,13021,Chocolat Pâtissier Noir CORSE 70% CACAO,"Carrefour BIO, Carrefour",France,2025-10-06,14.81
REC-820874,14237,Tangfastics,HARIBO,United Kingdom,2025-11-12,11.54
REC-485210,14406,Butter croissant,Aldi,United Kingdom,2024-08-16,7.89
REC-253854,13050,Mature Cheddar & Red Onion,Unknown,en:United Kingdom,2025-12-07,23.98
REC-129540,8156,"Gerblé - No Sugar Added Apple Blackcurrant Cake Filling, 180g (6.4oz)",Gerblé,France,2024-05-15,16.88
REC-924905,10265,Ferrero Rocher Haselnuss white,Ferrero,"France, Italy, Morocco, en:united-kingdom",2025-07-23,3.34
REC-885830,13132,Milk Chocolate Buttons 38%,Montezuma,en:gb,2025-02-28,13.58
REC-357279,5714,Sweet and salty nut,Nature Valley,"United Kingdom, en:france",2025-03-08,19.07
REC-622082,7939,Dominican Republic Dark Chocolate 72,Unknown,United Kingdom,2024-10-28,20.7
REC-663875,6608,Tablette de chocolat 100% cacao variétés native Pérou,ETHIQUABLE,France,2024-04-21,18.79
REC-811450,14043,Excellence Noir Orange sanguine de Sicile,Lindt,France,2024-02-14,20.95
REC-235626,6769,Madeleines sorties du four,LE STERN,en:fr,2025-07-12,16.86
REC-263162,7739,Pom-Bar,Chio,"Bulgaria, en:romania",2025-05-14,5.58
REC-317392,13484,Nut & Fruit mix,Natural Happiness,"France,Maroc",2025-09-17,9.59
REC-665020,8005,Chewing gum pure fresh,Mentos,France,2025-06-23,12.32
REC-751576,6613,Milka triple caramel,Unknown,en:ma,2024-05-25,17.35
REC-910501,8133,flipo,henrry's,en:Morocco,2024-02-19,2.17
REC-828771,10251,FIG BAR Blueberry,NATURE'S BAKERY,"France,United States, World",2025-09-28,14.96
REC-700700,8556,Potato Wedges sült krumpli,Harvest Basket,"Finland,France,Germany,Slovenia,Spain",2025-12-30,22.87
REC-885399,14433,La Coqueline (fraise),Unknown,France,2025-05-25,11.14
REC-419542,12739,Prince Choco'🍫Barre - Barre céréalière au chocolat🍫,LU,"en:france, en:monaco, en:Switzerland",2024-09-24,4.29
REC-997234,11315,Excellence Noir Zeste de Citron Vert,Lindt,"France,Italie,Espagne,Suisse",2025-04-20,6.62
REC-908188,5678,Génoise chocolat orange Gerblé sans sucres,Gerblé,"Francia,Suiza",2024-06-10,14.71
REC-466284,10746,Madeleines,Unknown,France,2024-08-29,23.94
REC-849172,13249,Madeleine,Le Ster,"France,en:france",2024-08-04,9.14
REC-477050,5066,Brioche tranchée,"Chabrior, Intermarché",France,2024-04-28,1.34
REC-975262,10026,Ma Salade de Lentilles à la Lyonnaise,Pierre Martinet,"France,en:france",2024-05-19,18.77
REC-692776,14428,Coeur coulant au chocolat🍫,Bonne maman,France,2024-08-23,14.13
REC-831710,7549,Petits sablés Beaufort,"Ferrero,Michel et Augustin",France,2025-01-08,2.16
REC-106778,5126,Kinder Pingui,Kinder,"Bosnie-Herzégovine,Bulgarie,Croatie,France,Hongrie,Italie,Moldavie,Monténégro,Macédoine du Nord,Roumanie,Serbie",2024-08-25,20.44
REC-366090,9908,flash,Unknown,"France,Morocco",2025-11-01,20.56
REC-403416,13850,Manyana,Alimani,Maroc,2025-07-24,19.63
REC-214722,13918,BEAN SALT SNACK,Zweifel vaya,"Austria,France,Germany,Switzerland",2024-10-26,7.8
REC-596127,8480,Caramel et Noisettes,Milka,"ประเทศฝรั่งเศส,ประเทศเยอรมนี,ประเทศฮังการี,ประเทศสโลวาเกีย,ประเทศสเปน,ประเทศไทย (Thai)",2024-02-14,1.78
REC-193284,11180,Noir praliné,Côte d'Or,"Belgique,France",2025-06-18,16.99
REC-227467,9269,BuoniCosì senza zuccheri aggiunti frollini classico,Galbusera,"France,Italy",2025-09-15,2.57
REC-893588,10623,Chocolate puro con almendras,Valor,"France, Spain, en:morocco",2025-07-27,21.95
REC-969221,9167,Pan tostado ajo y perejil,Hacendado,"Portugal,España",2025-07-20,10.8
REC-823328,12975,Conikos barbecue,Unknown,"France, en:morocco",2024-03-31,17.52
REC-543975,10573,Galettes au bon beurre bio,St Michel,France,2025-03-31,19.96
REC-959261,13262,Starmix,HARIBO,"Canada,France,United Kingdom",2025-02-14,18.65
REC-960717,10825,Nussknacker - Vollmilchschokolade,"Aldi,Choceur,WIHA","Germany,Morocco,Romania",2024-11-14,17.65
REC-419467,10902,KIDDYLICIOUS Fruity Bakes - Fraise - 132g (6x1p),Unknown,"France, en:united-kingdom",2024-12-28,9.45
REC-452442,7269,Avoine Sésame,Bjorg,France,2025-09-19,1.73
REC-509111,12895,Grany - Envie de nuts,LU,France,2024-11-16,10.33
REC-861734,13306,Tortilla Pops Finement Salé,N.A ! NATURE ADDICTS,"France, United States, en:morocco",2025-04-06,10.74
REC-829105,5207,Rice cracker paprika,Nature Addict,"Belgique,France",2025-07-25,22.83
REC-493714,14354,Serrano cholli & yucatan honey,Manomasa,en:gb,2024-07-26,21.16
REC-153078,6011,Tablette Noir noisettes et amandes pilées,"KROKOLA, Merveilles du Monde",France,2025-01-30,24.49
REC-706672,12786,Crunchy Nut Clusters Chocolate,Kellogg's,gb,2025-03-03,3.1
REC-685498,8754,gaufrette fourrée chocolat & cacahuètes,Leka,Morocco,2026-01-13,6.75
REC-879107,12887,Multigrain Crackers,Savour Bakes,United Kingdom,2025-02-02,12.53
REC-257477,7630,Mars,Mars,"France,Morocco",2025-08-28,3.51
REC-434589,14272,Swiss Chocolate Extra Fine Dark,Marks & Spencer,"France,United Kingdom",2024-02-22,23.57
REC-703352,7013,Marylands Chocolate Chip Cookies,Unknown,"France, en:united-kingdom",2024-12-23,21.66
REC-254549,8129,Chocolate Sea Salt,RXBAR,United States,2025-03-23,18.0
REC-628296,9593,Spiced biscuits,"Coppenrath Feingebäck GmbH,Favorina","República Checa,Francia,Alemania,España,Suiza",2024-12-21,13.18
REC-193233,14468,Galletas saladas,Snack Day,"França,Espanha",2024-05-18,2.14
REC-850368,6790,Goûters REM Parfum chocolat,REM,France,2025-10-25,11.65
REC-933080,12622,Galettes Au bon beurre,St Michel,France,2024-05-27,7.94
REC-913337,13934,Minizza Tomate🍅& Herbes de Provence,Belin,Francia,2025-04-14,17.55
REC-910565,11429,250G BUBBLIZZ LUTTI,Lutti,Francia,2025-02-01,24.36
REC-562771,5914,Chips,"Lay's, Lays",France,2025-02-15,14.61
REC-719058,13917,Moelleux tout chocolat Sans Sucres,Gerblé,France,2024-11-25,18.92
REC-226430,14705,Snack poppé saveur paprika,TooGood,"France, en:us",2025-04-12,20.76
REC-258752,7496,Tablette BIO dégustation - Chocolat noir Pérou 85% - 100g,Ivoria,"Belgium,France",2024-07-03,3.31
REC-828897,10760,Madeleines longues - Perles de sucre,"Le Ster, le pâtissier",Francia,2025-04-30,23.36
REC-156780,12886,Petit beurre 200g,U,France,2025-07-31,12.21
REC-680048,10169,4 Baguettes viennoises complètes sans sucres ajoutés 340g,La Boulangère,France,2025-06-16,2.84
REC-596232,6208,Wrigley's Extra Peppermint,Wrigley's,Royaume-Uni,2025-10-07,4.26
REC-434376,13775,Finest Scottish Shortbread Fingers,Tesco,"France,United Kingdom",2025-06-09,24.77
REC-594932,6953,Penguin Biscuit Bar,McVitie's,"France,United Kingdom",2026-01-15,7.85
REC-537235,6113,Sante Baton Proteinowy Go On Kakaowy,Go On,"France, Morocco, en:poland",2025-07-03,16.13
REC-508467,8482,Oreo,Oreo,"Czech Republic, France, Germany, Romania, en:bulgaria",2024-07-27,9.59
REC-654088,13672,Granola L'original,Unknown,France,2024-12-28,15.23
REC-645643,9941,Lait Praliné Double Lait,Côte d'Or,France,2026-01-13,17.37
REC-972955,13466,Bonbons Tic Tac x110 pastilles MENTHE - 54g,"Ferrero,Mixte,TIC TAC","France,Allemagne,Suisse",2025-04-18,11.46
REC-719828,9191,"Kinder pingui gouter frais genoise avec chocolat noir extra, fourree lait et cacao t8 pack de 8 etuis","Ferrero,Kinder","Belgique,France,Suisse",2025-10-06,9.45
REC-307113,14480,Protein Salted Caramel Nut,Nature Valley,"France,United Kingdom",2024-05-19,22.71
REC-939640,13338,gullon Hearts of Cereal Breakfast,Gullón,"France, Italy, en:morocco",2024-09-12,4.79
REC-869798,10742,Muesli & Raisin Cookies 185g,Florbú,"en:cape-verde, en:morocco, en:spain, en:france",2024-11-29,23.07
REC-388806,9124,Barritas de cereales muesli con avellanas y almendras,Unknown,España,2024-04-03,18.83
REC-677939,10397,Peanut Butter Pretzels,Kirkland Signature,"Canada, France, United States, en:united-kingdom",2024-08-30,11.06
REC-840350,5585,Sablés Normands,"Carrefour, Reflets de France","France,Italie,Espagne",2024-11-05,19.56
REC-504534,11496,LOTUS Gaufre de Liège Chocolat au lait 363g (7x1p),Unknown,France,2024-11-20,8.44
REC-794582,11106,Palomitas pipocas microondas Sal,Hacendado,España,2024-02-06,10.02
REC-878514,12336,Milka oréo,Milka,"France, Romania, en:morocco",2025-03-10,5.3
REC-595830,12601,Curvies original gluten free,"Arvid Nordquist Norge AS, Schär","France, Germany, United Kingdom, en:morocco",2025-05-20,23.91
REC-455521,10167,Hand Cooked Lightly Salted Potato Crisps,Specially Selected,en:gb,2024-08-24,17.58
REC-429007,7146,Cashew Nuts Unsalted (Anacardos sin sal),Snacks of The World,France,2025-08-30,20.33
REC-968440,11725,Süßkartoffel Pommes,Harvest Basket,"République tchèque,France,Allemagne,Hongrie,Royaume-Uni",2024-10-24,10.6
REC-658069,12892,Tartines craquantes sarrasin,"Carrefour BIO, Carrefour","France, en:belgium, Italie, Espagne",2025-11-29,8.5
REC-460238,12624,Sour cream & onion flavour potato chips,Popchips,en:gb,2025-09-29,1.44
REC-154663,6202,Hummus bites tomato and basil,Snaktastic,en:gb,2025-03-07,15.06
REC-661977,5994,Linsen Chips Paprika Style,funny-frisch,Germany,2024-12-21,14.74
REC-418798,5047,Tartines craquantes au blé complet 250g,U,France,2025-09-02,17.34
REC-620407,12251,Brioche Muffin x 5 250g,La Boulangère,en:fr,2024-04-26,14.1
REC-256282,9339,"Chocolat noir, Éclats d'amandes grillées & pointe de sel","Fairglobe, Way to go!, Lidl","France,Germany",2025-02-08,6.3
REC-660659,6007,Cookies Classique,Delacre,"France, en:belgium",2024-11-22,1.84
REC-181038,5373,Almond Cantucci,Crosta & Mollica,United Kingdom,2025-09-22,21.88
REC-292059,9137,amaretti,Crosta and mollica,United Kingdom,2025-11-19,9.04
REC-736619,7858,crispy seaweed thins sea salt,itsu,en:United Kingdom,2024-11-11,10.74
REC-133492,7463,Doritos Goût nature maxi format,Doritos,Frankreich,2026-01-04,14.91
REC-705097,7794,St michel - madeleines moelleuses nature x32 sachets individuels - le paquet de 800g,St michel,France,2024-07-10,2.4
REC-479730,6868,Chips paysanne au sel de Guérande,Brets,"France, en:morocco",2025-02-15,17.4
REC-222852,7176,Tartines craquantes sarrasin,"Jardin bio, Léa Nature",France,2024-08-05,4.54
REC-760733,10245,Chocolat noir caramel pointe de sel,Ethiquable,France,2025-10-30,20.8
REC-761251,10166,Biscuit petit beurre blé cplt (15) 140g,Biocoop,France,2025-07-07,24.53
REC-520336,11904,Bonbons à l'eucalyptus,"AmanieNord Fresh, Lidl","en:france, en:germany, en:romania, en:spain",2025-06-28,22.54
REC-441194,11892,Peanut Chocolate Treat Bag,M&M's,en:france,2025-07-12,20.25
REC-431820,11763,McVitie's Rich Tea Classic 2 x,McVitie's,"France, United Kingdom, en:ireland",2025-12-16,11.86
REC-393895,11836,Hand-cooked crisp lightly sea salted,Tyrrells,"France, en:united-kingdom",2024-10-09,5.83
REC-687663,5520,Biscoff,Lotus,"Österreich,Deutschland,Schweiz",2026-01-24,24.3
REC-856276,13683,Ficelles Olives Vertes et Noires,Kambly,France,2025-03-03,5.55
REC-735162,5998,Lindet choco swis dark 2yrs prod,Lindt,"France, en:morocco",2025-06-08,15.71
REC-867667,12982,Moelleux Multi Céréales,"BelVita, LU","Belgique,France,Suisse",2024-05-17,14.94
REC-410547,12109,Prince - Biscuits fourrés goût chocolat,Lu,"France,Germany",2025-06-17,16.5
REC-110068,13414,Milka Tendre au lait,Milka,"France, en:morocco",2025-09-22,2.22
REC-919137,7180,Milk Chocolate Truffles,Unknown,"Italy,Switzerland,en:united-kingdom",2025-05-26,21.11
REC-944870,10506,TIC TAC Fresh Mint,Unknown,"Belgique,Bulgarie,France,Hongrie,Italie",2025-05-16,10.46
REC-430972,12397,Sunbites. Sal marina.,"Sunbites,PepsiCo","Portugal,Espanha",2024-03-07,13.67
REC-245362,7100,DooWap pépites chocolait ss additif,"Barilla, Harrys",France,2025-07-25,4.2
REC-345822,6789,Biscuiți cu cremă de cacao,Croco,"France, Romania, en:spain",2024-10-02,14.0
REC-232705,10631,Sea Salt & Chardonnay Wine Vinegar Crisps,"Co Op, Coop","France, en:united-kingdom",2024-07-25,10.2
REC-999167,10562,Potato Cakes,Warburtons,en:gb,2024-11-01,20.4
REC-605560,14622,Corn Puffs Star W Cascaval 90G 1 / 20 1.6KG / Box,Star,"Franța,România",2025-11-14,18.87
REC-497922,10153,Pure fresh mentos,Mentos,"Spain, en:morocco",2026-01-24,1.01
REC-631891,10835,Dark chocolate,Waitrose,United Kingdom,2025-03-14,12.99
REC-692106,13978,Sea Salt Sourdough Flatbreads,Peter's Yard,en:gb,2025-03-12,1.61
REC-630007,9811,Pepite chocolat,Aiguebelle,en:ma,2024-04-18,18.09
REC-496835,6799,Les Fourrées  -  Beurre de Cacahuète & Cacao,Funkie,France,2025-03-05,23.57
REC-602078,9849,Barre aux 4 céréales et figue,"Marque Repère, Grainéa",France,2026-01-29,24.39
REC-293057,8530,Pistachios,Alesto,United Kingdom,2024-10-04,8.25
REC-645951,11187,Major (goût vanille ),SAÏDA,Morocco,2025-09-04,22.97
REC-327669,11185,"Brossard - Savane Mini Dark Chocolate Marble Cakes, 210g (7.5oz)",Brossard,en:fr,2024-03-11,1.94
REC-769574,5411,50G RICOLA MENTHOL,Ricola,France,2026-01-22,15.24
REC-293254,12395,Biscuits à l'avoine complète nature bio 130g,"U, U Bio",France,2024-11-29,11.4
REC-706176,14601,P’tit fondant coeur chocolat,Bjorg,France,2024-06-07,22.13
REC-318587,6014,The Best Sea Salted Crisps,Morrisons,en:gb,2025-08-26,17.01
REC-970573,7195,Toffifee weiß,"Storck,Toffifee","Österreich,Deutschland",2024-11-20,12.17
REC-753812,7220,Tobigo,Unknown,en:ma,2024-08-04,17.34
REC-415914,9368,Heroes,Cadbury,"Russia, en:united-kingdom",2026-01-21,4.14
REC-614261,11482,Sweet chilli pepper,Unknown,en:France,2024-12-10,13.75
REC-987997,6921,Organix carrot cake oats bars,Organix,en:United Kingdom,2024-08-18,1.04
REC-407145,8361,Crousti’pause choco noisette,Gerblé,"France,Kenya",2025-04-08,8.92
REC-173883,5736,Natural Original Liquorice 4 Bars,Panda,"France,Netherlands,United Kingdom",2024-10-14,15.52
REC-296684,7349,Mikrowellen Popcorn salzig,McEnnedy,"France,Allemagne,États-Unis",2024-11-22,8.63
REC-781241,14005,Biscuits Complets Avoine et blé Bio,"Aachener Zucker- und Backwaren Paul Schaeffer, Lidl, Sondey","Frankreich,Deutschland",2025-01-12,11.49
REC-813081,14948,Cereal Max Energy Noisette Chocolat,Isostar,France,2024-08-31,18.24
REC-970687,5445,Sticks et bretzels,Carrefour,"en:belgium, en:france, en:italy, en:spain",2024-04-15,8.59
REC-467524,12183,Tuiles goût salé,Bouton d'or,France,2025-06-13,20.94
REC-863738,14977,Chips saveur Aïoli,Brets,"France, Morocco, en:united-kingdom",2024-03-28,3.28
REC-133930,12702,Galleta de mantequilla con tableta de chocolate con leche,Carrefour BIO,"France,Italy,Poland,Romania,Spain,Switzerland,Belgium",2025-10-06,6.06
REC-738029,6428,République Dominicaine 80%,Alter Eco,France,2024-05-18,10.87
REC-494728,14742,Werthers Original Drops Sukkerfri 42g,"Conaxess trade norway, Storck","Österreich, Belgien, Finnland, Frankreich, Marokko, Schweiz, Vereinigtes Königreich, Germany",2025-12-19,23.71
REC-911361,12591,Storck Caramel Popcorn Classic 140g,Unknown,"Österreich,Frankreich,Deutschland,Neuseeland,Schweiz",2025-05-20,3.98
REC-405085,12474,Balisto Miel Amandes x9,Balisto,"Frankreich, Deutschland, en:at",2025-08-24,11.56
REC-745432,14538,Bombay mix,Cofresh,"Francia,España,Reino Unido",2024-02-29,19.26
REC-796803,6353,Barres de Céréales Extra Kellogg's Miel - 4x32g,"Kellogg's, Extra","Belgium,France",2025-08-08,3.24
REC-967434,12306,Cashew Cookie Raw Fruit & Nut WholefoodBars,Nakd,"Ireland, en:united-kingdom",2025-06-04,1.47
REC-932107,9651,Schweizer Kräuterbonbon,Ricola,"Belgium, France, Germany, Switzerland, en:italy",2024-12-14,1.75
REC-907261,6921,Orange Menthe,Ricola,"Belgique,France",2026-01-03,11.3
REC-363549,14703,Choco sticks,"Milka,Mondelez","Bulgaria,Canada,Croatia,France,Italy,Morocco,Poland,Spain",2024-09-28,16.66
REC-528754,5538,Barre Chocolatée Kinder Bueno Chocolat au Lait,"Kinder, Ferrero, Mixte",France,2025-06-06,18.47
REC-383715,8250,Buoni cosi,Galbusera,"France,Italy",2025-03-01,16.17
REC-128676,5141,MixMax,Balconi,"Belgium, Canada, France, Italy, Spain, United Kingdom, en:morocco",2025-03-09,12.18
REC-255895,8185,Tortilla chips chili,"General Mills, Old El Paso","France, en:switzerland",2025-04-04,14.58
REC-759522,13173,Cheetos Sticks,cheetos,"Francia,España, en:morocco",2024-09-21,3.07
REC-983695,13103,Sweet & Salty Microwave Popcorn,Butterkist,United Kingdom,2025-09-26,22.25
REC-591711,12690,Black's Organic White Chocolate Bar,Green & Black's,"Ireland, en:united-kingdom",2025-10-24,6.79
REC-455140,14636,Classic Cream Crackers,Asda,en:United Kingdom,2025-12-17,14.99
REC-120006,7235,Tartines Craquantes Sarrasin,Le pain des fleurs,France,2026-01-10,12.02
REC-374758,7662,Original Beef Stick,Chomps,"United States, World",2025-12-01,15.38
REC-396521,14269,Smooth operator milk chocolate,Montezuma's,United Kingdom,2025-06-18,12.36
REC-859689,8866,Chocolat au lait,aiguebelle,Morocco,2025-10-07,3.83
REC-958829,5319,Oat Shortbread,walkers,en:gb,2025-05-18,20.5
REC-944705,11585,Sablés Équilibre noisette,Le moulin du pivert,France,2024-03-03,21.06
REC-611391,11450,Chips saveur miel moutarde,Brets,France,2024-11-06,14.42
REC-629653,14007,Hot & Spicy,"Pringles, Pringles - Kellogg","Germany, en:france",2025-06-19,18.85
REC-760152,12144,Brioches barre chocolat au lait,Pitch,France,2024-12-21,5.84
REC-661558,8137,Mini Cheddars,"Jacob's, Jacobs",en:gb,2025-04-16,14.77
REC-735951,7668,sour cream & onion flavour popped potato snacks,popchips,en:United Kingdom,2025-11-19,8.74
REC-484055,9960,Cioccoavena,mulino bianco,en:Italy,2025-11-13,17.05
REC-931515,12914,Nappés lait,Bjorg,France,2024-02-20,8.51
REC-549925,13323,chips saveur barbecue,Lay's,France,2024-09-04,4.71
REC-112650,12566,napolitane,Roshen,"Argentina, Georgia, Romania, en:ukraine",2024-08-27,4.49
REC-798251,13055,Pringles Hot Smokin’ BBQ Ribs Flavour,Pringles,"Frankreich, Marokko, Spanien, Vereinigtes Königreich, Germany",2024-09-01,17.85
REC-991527,11686,Multi-Grain Crackers 6-Seed,Crunchmaster,"United States, World",2025-07-11,20.06
REC-195320,5374,"Dark chocolate covered pretzels with peppermint pieces, peppermint",Unknown,"Brazil, France, United States, en:united-kingdom",2025-12-27,21.9
REC-375991,9334,Chocolat Lait Noisettes entières,"Bellarom, Fin Carre",France,2024-05-21,17.03
REC-863414,7312,Fette croccanti con sesamo,Unknown,"Francia,Alemania,Hungría,Italia,España",2024-06-19,23.96
REC-923685,8623,Crusti Choc,Fin Carré,"Франция,Германия,Унгария,Испания,България",2025-03-25,24.35
REC-544776,14590,Chocolat Dégustation 70% cacao,Unknown,"France,en:france",2025-12-14,6.54
REC-930146,5018,Bretzels d’alsace,ancel,France,2025-02-26,24.21
REC-258443,14933,30 boudoirs 175g,Brossard,"Frankreich, Germany",2025-05-05,19.66
REC-573438,7233,Haribo pik,Unknown,France,2025-02-27,9.74
REC-504266,11739,Repas Équilibré barre saveur Pomme Framboise,Gerlinéa,France,2024-02-23,23.33
REC-933430,9785,Sablés framboise sésame,Unknown,Francia,2025-03-04,16.62
REC-784797,8474,Petit beurre,St Michel,France,2025-11-11,23.98
REC-647607,6711,Éclats de fèves de cacao noir,Unknown,"France,Italy,Kenya,Morocco,Spain",2025-01-06,5.6
REC-692769,5208,Chocolat noir 80% - Équateur,Kaoka,"France,Netherlands",2025-04-06,16.03
REC-847417,12296,L'originale,Bret's,France,2025-01-24,16.19
REC-984143,10677,"Crackers Aux graines de courge, lin et sésame",Carrefour,France,2024-09-10,11.4
REC-116729,5649,Chips Pom'Lisse,"Marque Repère, Pom'Lisse",France,2025-06-04,16.51
REC-118132,14332,Rocher Suchard noir (7 x 35g) 245 g e,"Suchard,Suchard rocher",France,2024-07-28,8.23
REC-515635,13485,Kinderriegel,"Ferrero,Kinder","Autriche,France,Allemagne,Suisse",2024-10-05,4.98
REC-839852,10772,Lightly Salted Tortilla Chips,CO OP,"France, en:united-kingdom",2025-01-24,9.07
REC-899897,5645,M&M's - peanut,"M&m's, Mars, Mars Chocolat, Mars Chocolat France","France,Suisse",2024-10-28,5.71
REC-309726,12564,Toasting Muffins,Unknown,United Kingdom,2024-12-14,17.9
REC-282639,13493,chocolat brownie,Milka,"Belgique,France",2024-08-23,14.82
REC-118285,10381,Kinder Bueno Mini,Kinder,"Belgium,France,Spain",2024-11-09,3.97
REC-274883,6628,Butterkeks Petit beurre,Schär,"France, Germany, en:morocco",2026-01-31,11.33
REC-463087,7560,Primizie,Unknown,"France, Italy, Germany",2025-10-17,2.75
REC-346480,5746,Crunchy Avena y Miel,"Nature Valley,General Mills","Portugal,España",2026-01-23,20.47
REC-629911,8800,Classic,Lay's,United States,2025-04-20,8.64
REC-835675,10442,Team up,Tiffany,Morocco,2024-07-04,14.15
REC-251464,13903,Gullon cookies,Gullón,France,2025-11-24,4.38
REC-480076,12318,"Süßes, Schokolade Edelbitter 85%","Aldi, ALDI MOSER ROTH, Moser Roth","France,Germany",2024-05-13,23.89
REC-338665,11750,Croc break,"Marque Repère, P'tit Déli",France,2025-04-09,10.72
REC-185822,7896,"Grainéa Abricot barres aux 5 céréales Maîs,Blé, Seigle, Riz  x 6 barres",GRAINÉA,Frankrijk,2024-09-21,24.19
REC-932820,5437,Tortilla Chips Avocado Guacamole Flavour,Mister Free'd,"Germany, Ireland, en:united-kingdom",2025-05-03,11.2
REC-362921,9748,Gewürz-Spekulatius,"Wintertraum,Borggreve",Deutschland,2024-11-24,10.28
REC-969188,9861,Organic Sea Salt Thin & Crispy Tortilla Chips,Late July,"en:us, World",2025-09-26,18.56
REC-313371,9652,Biscuits Épeautre et Sésame,Carrefour,"France, Italie, Espagne",2025-10-19,24.92
REC-971893,8711,Tartines grillées craquantes au froment 250g,U,France,2024-09-15,22.74
REC-290308,14599,Sour Watermelon,Candy Kittens,United Kingdom,2024-07-25,12.79
REC-439794,12701,Schokolade Halbbitter,Ritter Sport,"Germany, en:morocco",2025-07-28,4.13
REC-263925,13938,Crunchips Paprika,Unknown,Deutschland,2025-12-28,22.38
REC-295417,13481,85% Cacao NOIR,Carrefour,"France, Italy, Spain, en:morocco",2024-04-26,8.96
REC-498452,13496,NESTLE FITNESS Cocoa Protein Bar Multipack (,"Nestlé, Nestle fitness no added sugar protein cocoa, Nestle","Allemagne,Espagne",2025-10-25,17.27
REC-554259,11314,Mikado,"Glico, LU, Mikado, Mondelez",France,2025-09-04,14.02
REC-881519,7304,Nocciolata,Rigoni di Asiago,France,2025-02-17,24.26
REC-596684,7736,Dark milk chocolate with blood orange,Marks & Spencer,en:United Kingdom,2024-08-01,12.48
REC-577588,8792,Original Saltine Crackers,Premium,United States,2025-09-09,1.92
REC-266020,6846,Cinnamon Brown Sugar Breakfast Biscuits,belVita,"France, United States",2025-02-10,24.67
REC-772267,11957,Organic Tortilla Chips,Unknown,United States,2024-04-29,2.18
REC-364543,8627,Bastoncini salati,Snack day,"Frankreich, Litauen, Niederlande, Germany",2025-04-25,9.22
REC-308580,10938,Nature Tortilla,Snack Day,"Frankrijk,Duitsland,Nederland",2026-02-04,1.86
REC-951803,10221,10 pains au lait,Les PâtissadesAldi,"Canada,France",2025-06-07,23.13
REC-113164,6647,Belvita Petit-Déjeuner Original,"BelVita, LU","Belgique,France,Suisse",2024-02-14,11.88
REC-862062,8260,Lutti best fizz tubo 550g,Lutti,France,2024-05-24,14.13
REC-641701,11454,Cheetos goût fromage,Cheetos,France,2025-04-07,6.48
REC-540919,11809,Biscuit Cacaoté Fourré Saveur Vanille,Gerblé,"Francia,Reunión",2025-08-09,1.28
REC-949221,11012,Cookies Chocolat Noisettes,Bonne Maman,"Belgium,France,Switzerland",2024-03-21,8.63
REC-616247,5031,Tuiles saveur crème oignon,Bouton d'or,France,2024-04-21,17.58
REC-605140,10715,Crackers 3 graines - BIO,"Chabrior, Regain",France,2024-07-04,5.8
REC-903541,13160,Vico La Classique 400g,"Intersnack, Vico",France,2024-10-10,5.18
REC-533561,7488,Chocolate Fitness Special K,Nestlé,"Belgium,France,Spain,Finland",2024-08-18,7.57
REC-966633,7264,Noir quinoa soufflé,Alter Eco,France,2024-04-03,23.24
REC-875560,9194,Lightly sea salted crisps,Coop,"France,United Kingdom",2025-03-28,11.63
REC-670784,13967,Soreen Malt Loaf 190g,Soreen,"France, en:united-kingdom",2024-02-16,22.19
REC-527275,5384,Croissant with Cocoa Filling,7 DAYS,"Poland,Romania",2025-07-04,20.03
REC-706193,12973,Belvita Muesli,"Belvita,Mondelez","France,Poland,Romania",2025-09-10,24.89
REC-927322,13805,Petit Lu beurre & sel de Guérande,LU,France,2024-05-07,13.26
REC-660478,7220,prince,"Lu, Mondelez","Belgien, Luxemburg, Schweiz, Germany",2024-12-28,9.55
REC-408670,11847,Leo,Milka,"Belgium, France, Luxembourg, Slovenia, en:morocco",2024-08-15,4.32
REC-113161,14871,Ferrero Rocher,Ferrero,"Albania,Australia,Austria,Belgium,Bosnia and Herzegovina,Croatia,France,Italy,Montenegro,Morocco,North Macedonia,Serbia,Slovenia,Switzerland,Thailand,United Kingdom",2024-03-30,10.0
REC-238315,9290,Magretti,Galbusera,"en:italy, en:france",2025-11-04,8.89
REC-911324,14318,Mix milk,Balconi,"Belgium, France, Germany, en:morocco",2024-08-04,4.28
REC-308966,13284,Mega Duo Doble Cacao,Gullón,"Algeria, Morocco, Spain, fr:Francia, en:france",2026-01-15,23.66
REC-696383,5480,Lays Oven Baked roasted paprika,Lay's,"Belgium,France,Netherlands",2025-03-11,8.7
REC-853198,10142,karamelová pomazánka v lednici,Saveurs de nos régions,"Frankreich, Germany",2025-06-08,16.86
REC-145978,9537,Fig Rolls,lidl,France,2025-04-26,20.88
REC-989461,6751,Bio organic,Gullón,"Bulgaria,Francia,Marruecos,Rumania,España",2025-05-22,13.37
REC-725479,5077,Micro Popcorn sare,Chio,"Франция,Румъния,България",2025-08-20,11.83
REC-380923,10061,ready salted crisps,By Sainsbury's,en:gb,2024-09-24,19.97
REC-809940,12349,Fruit & Seed Oatcakes on the go,Unknown,United Kingdom,2024-07-15,1.47
REC-749978,14606,Grenada,"J.D. Gross, Lidl","Deutschland,Vereinigtes Königreich,en:germany",2024-12-08,9.71
REC-435053,8868,Barres Granola au sirop d'érable,Crownfield,"United Kingdom, en:france",2024-05-24,17.17
REC-470270,13664,Chicles hierbabuena,Hacendado,"Marruecos,España",2024-05-07,14.23
REC-336409,5511,Chips à la crevette,Suzi Wan,"France, en:italy",2025-02-08,21.26
REC-678154,11417,Monster Munch Crazy Goût Crème Oignon,"Intersnack, Vico",en:fr,2024-09-04,2.7
REC-560466,6280,Baked Sea Salt,Walkers,United Kingdom,2025-11-04,6.32
REC-726977,5560,Muffins,Unknown,en:Morocco,2024-12-30,16.57
REC-562193,10067,Lay's Paysanne saveur oignons de Roscoff caramélisé,"LAY'S, Lays",Frankreich,2024-08-22,7.93
REC-418321,13314,Paprika,Pringles,"Spain, United Kingdom, en:italy",2024-11-01,10.68
REC-624005,12396,Tablette de Chocolat Noir Excellence Pailleté Dentelle,Unknown,France,2025-03-07,12.36
REC-284514,11871,Petit dej’ pepites de chocolat & miel,Gerblé,France,2024-03-06,11.31
REC-162086,6398,Chocolat noir 70% cacao,Lidl,"France,Suisse",2025-05-23,19.84
REC-523299,8641,Roasted Pistachios,"The Foodie Market, Aldi, Aldi The Foodie Market",United Kingdom,2024-04-28,19.76
REC-704408,13666,protein bar caramel,"Nākd, Nakd","United Kingdom, en:netherlands",2024-04-01,15.12
REC-608717,11578,Rosemary & Sea Salt Flatbread Thins,Rivercote,en:United Kingdom,2025-06-07,7.74
REC-533848,14633,P'tit Gouter,It,Morocco,2025-02-16,8.4
REC-281034,10067,Chocolate and Hazelnut Cake,Shär Gluten-Free,"France,Monaco",2025-08-15,2.59
REC-660776,8703,Jammie dodgers raspberry flavour,Unknown,"France, United Kingdom",2025-03-22,12.88
REC-270756,13511,Barre pâtissière aux œufs frais,Unknown,France,2025-05-30,10.91
REC-677323,9539,Excellence Milk Sea Salt Caramel,Lindt,"Australie,France,Royaume-Uni",2024-12-25,11.08
REC-523713,12802,Rotella,Haribo,"Francia,Suiza",2025-03-29,3.18
REC-480368,11259,Galettes au bon beurre,St Michel,France,2024-08-04,6.25
REC-213646,6733,La madeleine Bio,Bjorg,France,2024-10-12,10.37
REC-718928,7499,Cookies bio quinoa pépites chocolat paquet de 175g,Unknown,France,2025-05-25,6.35
REC-770218,10206,Brioche tressée pur beurre 800g,La boulangère,France,2025-05-29,3.56
REC-684462,9477,Chips paysannes nature,"Marque Repère, Pom'Lisse","Frankrijk,Réunion",2025-08-28,13.38
REC-358374,11840,Petit beurre nature,Bisson,France,2024-08-14,19.31
REC-357252,5798,Chocolat noir Gingembre confit,ethiquable,France,2025-02-07,13.89
REC-746500,6227,Milchschnitte,"Kinder, Ferrero","Österreich,Deutschland,Ungarn,Rumänien,Schweiz",2025-12-19,14.87
REC-441814,12186,38G SKITTLES SACHET,Mars norge as,"Bulgaria, France, Germany, Romania, en:ukraine",2025-12-25,15.89
REC-461096,8348,Fruit & Oat Bakes apple,Unknown,"France, en:united-kingdom",2024-10-25,11.8
REC-689540,14734,Walkers Salt & Vinegar crisps 6 Pack - OUTER PACKAGING ONLY,Walkers,"France, en:united-kingdom",2025-08-29,9.89
REC-819471,5267,Urban Fruit Snack Pack Strawberry,smashing strawberry,"France, en:united-kingdom",2024-09-07,23.99
REC-404392,13108,Start,saïda,"France,Tunisie",2024-04-30,22.71
REC-589532,8496,Kit Kat 2 Finger Milk Chocolate Biscuit Bars,Nestlé,"France,Royaume-Uni",2024-07-31,19.8
REC-592505,6087,Milka au lait du pays alpin,Milka,France,2025-08-02,11.41
REC-388107,14151,Crackers cereali antichi,Misura,"France,Italie",2025-05-19,24.15
REC-221970,11259,Lindor Lait,Unknown,"France,Allemagne",2025-01-24,11.28
REC-717375,14227,Tortilla Nachips,Unknown,"France, en:united-kingdom",2025-08-16,10.0
REC-648523,12637,Chocolate negro 82%,Valor,"France,Spain",2025-03-20,1.11
REC-405076,7744,Twins chocolate,Gullón,"Algeria,France,Spain, en:morocco",2024-02-09,1.61
REC-922293,13136,La Galette gourmande chocolat noir,St Michel,"France,Morocco",2026-01-11,11.27
REC-318216,7278,Tacos,"fritosa,","Maroc, en:morocco",2025-03-05,17.78
REC-722710,14090,Conikos Goût Chili,"Conikos,LeaderFood",Morocco,2024-08-03,14.61
REC-199530,7276,Oat cookies milk chocolate,"Sondey,Lidl","Bulgaria,France,Czech Republic",2024-10-01,5.01
REC-709097,6887,Gluten Free Oaties Syrupy & Crumbly,Unknown,United Kingdom,2024-06-30,10.04
REC-590297,8041,Protein Bar - Muscle Mass - Caramel Cookie Flavor,Unknown,France,2024-10-18,24.39
REC-408468,13382,Tvarohová tyčinka Protein,"Milbona, Pilos","Horvátország,Németország,Litvánia,Magyarország",2025-10-01,19.68
REC-264084,10268,Lays paprika,Unknown,"Belgium, en:netherlands",2025-11-07,9.61
REC-707308,13091,maltesers,Maltesers,United Kingdom,2024-02-26,21.72
REC-927863,9963,Strawberry,Unknown,"Bosnia and Herzegovina, Bulgaria, Croatia, Montenegro, Romania, Serbia, Slovenia, en:morocco",2025-12-11,7.04
REC-188356,11678,Cranberries dried & sweetened,Alesto,"France, en:romania",2024-04-14,8.58
REC-802461,11965,Rye Sourdough Crackers,M&S,en:United Kingdom,2024-10-03,16.14
REC-938306,5758,CRACKS,Unknown,en:ma,2024-09-21,8.72
REC-211192,10673,Brioche Pépites de Chocolat,PITCH,France,2024-05-03,14.3
REC-712813,7216,Crunchy Chocolat 🍫 au Lait 🥛🐄,Nature Valley,"France,Poland",2025-04-23,23.87
REC-300048,11972,Lentil Chips,Snackrite,en:gb,2025-09-01,15.36
REC-301338,12076,Privolat,Misura,en:it,2025-03-01,14.01
REC-148012,10565,"Protein Peanut, Chocolate & Berries",Nature Valley,"Francia,España,Reino Unido",2024-04-05,8.07
REC-942276,10937,Zartes Blätterteiggebäck,Sondey,"Germany,France",2025-01-29,14.11
REC-434443,7467,Patatas Fritas Extra Crunch,Hacendado,"Portugal,España",2025-08-10,6.63
REC-888507,8745,Chips de lentilles,Vico,France,2025-08-02,2.92
REC-196930,10252,"Protein Peanuts, Almonds &amp; Salted Caramel Fruit &am",Eat Natural,United Kingdom,2024-08-15,19.68
REC-926063,7057,Gâche tranchée pur beurre 400g,La Boulangère,France,2024-09-06,6.39
REC-562451,12630,Aussie Bites,Universal Bakery,"Canada,United States",2025-05-21,8.61
REC-117941,9141,Schokobutterkeks Zartbitter,Unknown,"Finland,Frankrijk,Duitsland,Italië,Nederland,Verenigd Koninkrijk",2025-04-15,15.71
REC-259952,12952,Lindt chocolate negro Limon con Gengibre con amandes,Lindt&Sprüngli,"France,Allemagne,Maroc,Pays-Bas,Suisse",2024-09-09,9.94
REC-231257,11364,Biscuit Crousti Pause choco noisette ss gluten,Gerblé,France,2025-03-18,17.46
REC-294681,5507,"Biscuits Galettes pur beurre bio , 125g","U,U Bio",France,2024-10-25,18.35
REC-809928,9255,Biscuits bio épeautre et sésames paquet de 150g,"U, U Bio",France,2024-07-09,3.62
REC-876279,12166,Croissants,"Brioche Pasquier,Pasquier",France,2025-12-13,23.42
REC-755308,9720,Pains au chocolat format familial,Brioche Pasquier,"France,Suisse",2024-04-14,18.12
REC-615123,14598,Curly Donuts,Vico,France,2024-03-20,17.69
REC-840145,13002,Chips de lentilles aux petits oignons,Jardin bio,France,2025-05-20,1.4
REC-784546,6826,Brossard - mini brownie choco pepites,Brossard,"Frankreich, Schweiz, Germany",2026-01-17,15.66
REC-666118,8053,Pain d'épices,"Jardin Bio, Jardin biologique, LEA Nature","France,Réunion",2024-12-12,17.39
REC-675310,5295,Merci : Milk Chocolate синий смотка,"Merci, Storck","Болгария,Франция,Германия,Венгрия,Румыния,Швейцария,Россия",2024-08-21,11.92
REC-246477,14773,Puffreis mit Schokolade,NIPPON,"France,Allemagne,Italie,Suisse",2024-06-06,7.63
REC-624042,14013,Cream Crackers Crispy Crackers,Jacob's,"França,Alemanha,Portugal,Espanha",2024-12-22,9.96
REC-266711,6408,Cheese & Onion,Pringles,"Croatia, France, Romania, en:morocco",2024-04-15,9.57
REC-287637,11759,Cacao & Almond Oat Bar,Deliciously Ella,"France, en:united-kingdom",2024-10-07,10.59
REC-911612,5751,LOTUS Gaufre de Liège Perles de sucre Format Familial 450g (10x1p),Lotus,"France, en:lu",2025-06-23,14.63
REC-722495,13275,Galette senior,Bimo,Algérie,2024-06-27,8.69
REC-281338,8612,L'Original Lait,"Côte d'Or,Mondelez",France,2025-11-22,21.75
REC-213299,5486,CRUNCH (lot de 2),"Nestlé, Crunch",France,2026-01-18,16.92
REC-166854,14439,Kinder Schokolade,Kinder,"Austria, Belgium, France, Germany, Italy, Switzerland, en:bulgaria",2024-03-10,24.79
REC-499463,6980,Mix Max,Balconi,"Australia, Canada, France, Germany, en:morocco",2024-12-03,18.42
REC-528478,5190,ColCuore,Galbusera,"Francia,Italia",2024-05-23,16.81
REC-545836,14539,Kaskys,Tosfrit,"France, en:morocco",2024-03-16,12.06
REC-475712,11474,TostaRica Choco Guay,Unknown,"Francia,Marruecos,España",2024-07-18,4.17
REC-960157,9215,Scottish Seeded Oatcakes,Rivercote,France,2025-02-25,20.68
REC-486028,10205,Protein Bar Muscle Mass,Unknown,"en:france,en:belgium",2024-09-12,9.7
REC-372031,13167,Noix de cajou salées,snacks of the world,"France, en:morocco",2024-04-08,16.67
REC-512536,6306,Smart Price Lightly Salted Tortilla Chips,Asda,United Kingdom,2024-02-18,5.69
REC-828165,9006,Leader chips sel,Leader food,en:Morocco,2024-07-17,4.43
REC-887070,6548,CereAlé Noisette,Unknown,France,2024-11-08,6.61
REC-109915,12350,Cookilate,Florbú,"Marruecos,España",2024-12-24,13.91
REC-317779,10106,KINGSIZE PEANUTS Salted,Snacks of The World,"Belgium, France, Germany, Poland, en:morocco",2025-02-12,11.05
REC-822511,8288,Knoppers,Storck,"Romania, en:morocco",2025-06-18,22.68
REC-474884,11263,Beignet chocolat noisette x 6,Brioche Pasquier,France,2025-05-31,7.82
REC-530633,10668,Dark Chocolate Gingers,Border,"Royaume-Uni,en:united-kingdom",2024-03-22,20.47
REC-565108,5838,Oatcakes,Asda,United Kingdom,2025-11-04,1.9
REC-834522,11391,Lindor noir 70%,"Lindt, Lindt & Sprüngli",France,2025-04-04,5.94
REC-374089,10854,Crinkle Cut Sea Salt & Chardonnay Vinegar Hand Cooked Crisps,Tesco,en:gb,2024-08-14,8.57
REC-184966,13867,Noir extra fondant,Lindt,"France,Taiwan",2024-09-26,18.7
REC-569488,7725,Crispy Biscuit Slices,McVitie's,en:gb,2024-09-23,10.1
REC-169626,11356,Cocoa sandwich biscuits with vanilla flavoured crème filling,Tower Gate,"Чехия,Франция,Германия,Италия,Обединено кралство Великобритания и Северна Ирландия,България",2025-06-20,18.8
REC-331462,11555,Savoiardi,Schär,France,2024-03-23,16.77
REC-627101,5903,Original Stapelchips,Snack Day,"França,Espanha",2025-10-16,24.99
REC-433103,8611,Cacahuètes grillées à sec,Alesto,France,2024-11-21,5.14
REC-101499,5263,Grany Chocolat 5 céréales,Unknown,France,2025-06-01,16.07
REC-742367,11642,Sticks d'Alsace 200g,Dr. Oetker,France,2025-04-02,1.13
REC-894827,10123,Special K - Céréales chocolat noir,Kellogg's,"Belgium,France,Switzerland",2025-03-30,20.49
REC-647064,5509,Biscuits son d'avoine,Gerblé,"France,Suisse",2025-12-03,22.38
REC-812771,5428,Biscuit fondant choco lait,Gerblé,Francia,2025-09-05,17.1
REC-464831,9546,Galettes Bretonnes Spécialité de Pont-Aven au beurre,Reflets de France,"France,Italy,Spain",2024-02-08,19.13
REC-383525,9827,Chocolat noir dégustation 72% de cacao Tablette de 100g,U,France,2025-08-12,3.03
REC-732567,14281,Chips paysanne nature,U,France,2024-05-10,12.18
REC-423178,12254,Chocolat noir à pâtisser Tablette de 200g,U,France,2025-03-22,16.7
REC-365837,10357,Brioche Tressée Tranchée Nature,Brioche Pasquier,France,2025-03-28,13.34
REC-874145,6418,Mon taboulé au poulet à la ciboulette,Unknown,"France,en:france",2024-07-15,10.84
REC-673640,6439,Crêpe Dentelle Chocolat au lait,Unknown,"Ranska,Sveitsi,Suomi",2025-05-01,1.62
REC-245644,13760,Chips lentilles,"Jardin Bio étic,Jardin bio,Léa Nature",France,2024-05-10,23.93
REC-694391,10758,Chips les natures craquantes,Bret's,France,2025-12-23,2.25
REC-348151,7037,"Sablés au beurre, amandes et citron","Carrefour BIO, Carrefour","Belgique,France",2024-11-17,8.06
REC-699551,10641,Stylesse Chocolat Noir,Carrefour,"France,Italie,Maroc,Pologne,Espagne",2024-06-12,4.33
REC-831048,7204,Cacahuètes Grillées et Salées,"Marque Repère, Tokapi",France,2024-10-18,2.54
REC-649653,13376,Chips nature Maxi Format,"Marque Repère, Pom' Lisse, Pom'Lisse",France,2024-05-23,12.54
REC-939057,6148,280G MICHOKO NOIR,La Pie Qui Chante,Francia,2025-04-05,24.17
REC-752927,10694,Kinder Pingui Schoko 4er-Packung,Ferrero,"Belgique,France,Allemagne,Italie,Suisse,Royaume-Uni",2024-11-02,4.87
REC-444881,11235,"Veggie Straws - With Kale, Tomato & Spinach",Eat Real,"France,Germany,United Kingdom",2024-12-08,1.52
REC-619927,13487,Belgian Chocolate Guylian Seashells,Unknown,"Australia, Austria, Belgium, France, Switzerland, en:united-kingdom",2024-03-26,8.95
REC-261498,10571,chocolat noir uganda,Cachet,"Belgium,France",2024-03-07,12.94
REC-968580,10620,Biscuit Fourré à la crème goût chocolat,Kif,"France,Tunisie",2026-01-16,11.39
REC-161923,7368,Delicate Crisp Rosemary & Sea Salt,"Wasa, Wasa - Tasty Snacks","Austria,Belgium,Germany,Netherlands,Switzerland",2025-05-06,6.79
REC-323873,13205,Creme Egg,Cadbury,"France,United States,United Kingdom",2024-07-27,13.77
REC-817350,7570,Oreo Sjokoladetrukket 246 g,Mondelez Norge AS,"Belgique,Danemark,Finlande,France,Grèce,Irlande,Italie,Maroc,Pays-Bas,Norvège,Suède,Royaume-Uni",2025-03-25,8.64
REC-285293,12488,Lindor Assorted Chocolate Truffles Box,"Lindt, Lindt & Sprüngli, Lindor",United Kingdom,2024-12-06,6.55
REC-312217,11754,Dulcesol snack cacao,Gateau,"France,Maroc,en:morocco",2025-11-18,10.15
REC-517930,11151,Lays Classics Salted 20rs,Lay's,Inde,2025-05-01,6.63
REC-661881,13249,Novellini,Italiamo,Switzerland,2025-10-11,15.93
REC-502336,5314,Coconut & Chia Oat Biscuits imp,Nairn's,en:GB,2026-01-13,8.82
REC-832319,5647,CréXy,Unknown,"Senegal, en:morocco",2025-03-08,14.78
REC-803423,10754,Salt & Shake Potato Crisps,Walkers,en:gb,2025-06-24,2.17
REC-234551,11802,Pains au lait,Brioches Fonteneau,France,2025-05-05,12.0
REC-425941,7480,Thins Cheddar & Pepper,Savour Bakes,en:gb,2024-06-17,11.23
REC-133406,9705,All Natural Nut Bar,2KEEP,France,2025-11-28,21.12
REC-834815,12827,Gianduja Noir Éclats de Noisettes,Ethiquable,France,2024-06-19,4.2
REC-328296,9151,APPLIES + BLUEBERRIES MINI FRUIT BAR,That's it.,United States,2024-03-04,19.62
REC-988381,5604,85% cacao collection,Trapa,"Spain, en:morocco",2025-08-09,19.42
REC-496103,10133,Nachos Tex-Mex,Hacendado,Spain,2025-06-10,6.78
REC-125764,13073,Organic Peruvian 70% cocoa dark chocolate,Unknown,United Kingdom,2025-08-26,3.93
REC-597052,11199,Pistachios Roasted & Salted,Alesto,"Italy, en:romania",2024-03-06,13.27
REC-758907,9333,Chocolat 100% République Dominicaine,Unknown,France,2024-10-20,13.54
REC-485097,12291,Salt And Vinegar Flavour Peanuts,KP,en:United Kingdom,2025-05-08,23.78
REC-114225,13553,Chips paysanne nature,Carrefour,France,2024-04-09,4.21
REC-466727,9459,merendina double choco 36g,bimo,en:ma,2024-10-04,12.5
REC-275066,8945,Almond Flour Crackers Fine Ground Sea Salt,Simple Mills,"United States, World",2024-08-15,9.78
REC-830505,8833,All Butter Shortbread Fingers,Morrisons,en:gb,2024-03-08,19.31
REC-806107,14345,La madelein coeur chocolat,Bonne Maman,France,2024-07-08,14.69
REC-123390,7316,Bonbons aux plantes des Alpes suisses Cassis,Ricola,France,2025-10-02,23.58
REC-214055,12736,NOIR 80% Cacao Equateur,Carrefour BIO,"France, en:morocco, Italie, Espagne",2025-08-02,21.92
REC-298530,10033,Guet Apens,"LU, Mondelez",France,2025-01-14,4.58
REC-866392,5921,Protein cookie,Bodymass,France,2024-11-18,5.92
REC-742480,9024,"Snack balls figues, graines de chia, noix",Vemondo,"France, Germany, en:austria",2024-05-07,11.58
REC-545649,11120,Lightly salted hand cooked potato crisps,Lidl,en:gb,2024-10-21,19.3
REC-941169,5375,Ancora Uno Frolla con Cioccolato in pezzi,Tremarie,"France, en:italy",2025-11-01,20.79
REC-997813,11181,Kaugummi WRIGLEY'S Extra Fresh Strong Mint (blau) 70g Dose,"Mars GmbH,Wrigleys",Deutschland,2025-03-30,4.01
REC-271656,9802,Jaffa cakes,"McVitie's,McVities","Ireland,United Kingdom",2025-08-06,7.5
REC-255667,10300,Doritos saveur Barbecue,Doritos,en:fr,2024-03-02,7.65
REC-567322,14775,Vollmilch extra cremig 30%,"J.D. Gross, Lidl","France, Germany, en:united-kingdom",2024-10-18,15.19
REC-182393,13278,Takis Queso Volcano 100g,"Barcel, Takis","Germany, Ireland, en:france",2024-11-24,11.44
REC-100659,7767,Bio biscuits à l'avoine,Sondey,France,2025-07-26,22.79
REC-824368,13005,High protein milk chocolate crisp,Fincarre,"Netherlands, Romania, en:united-kingdom",2024-12-16,18.56
REC-296278,5447,Celebrations,Mars Foods,"Morocco,United Kingdom",2024-12-04,2.36
REC-595991,6850,Goldfish,Pepperidge Farm,"France,Mexico,United States",2024-12-20,3.5
REC-356909,14164,Peanut Butter Dark Chocolate Chewy Bar,Nature Valley,"France,États-Unis",2024-10-26,17.3
REC-741800,13308,Blueberry,RXBAR,United States,2026-01-12,21.58
REC-402605,13368,Pains d'épices chocolat noir,"Aachener Zucker und Backwaren Paul Schaeffer, Favorina, Lidl","Allemagne,France",2024-07-28,4.65
REC-878739,14063,Madeleines,"Délices de Kerloch, Sondey","France,en:france",2025-06-28,2.25
REC-856664,7265,Chocolat noir à la pointe de sel,J.D. Gross,"República Checa,França,Espanha,Portugal",2025-11-13,5.12
REC-226531,6538,Pains au chocolat,Maitre Jean Pierre,France,2024-08-27,12.56
REC-315687,10253,Pockitos Chocolat au lait,"Lu,Mondelez,Pépito","France,La Réunion",2025-07-02,15.03
REC-197124,6049,Box Best of,"Belin, Mondelez France, Mondelez International","France,Switzerland",2025-01-11,20.44
REC-720028,5182,Création Praliné feuilleté,Lindt,Francia,2025-06-14,16.17
REC-776509,10829,Mao Croqui,Haribo,France,2024-09-29,22.91
REC-700054,11108,Lay's 3D's Bugles goût cacahuète,Lay's,Frankrijk,2025-01-31,6.5
REC-414510,6009,Bénénuts cacahuètes grillées & salées,Bénénuts,"France,États-Unis",2024-09-24,1.16
REC-532694,7920,"Gerblé - Sugar Free Orange Chocolate Chip Shortbread, 132g (4.7oz)",Gerblé,France,2025-11-15,8.14
REC-535318,11744,Le Veggie Snack poppé aux légumes,Too Good,France,2025-11-18,14.16
REC-814183,13433,Madeleines extra moelleuses,Unknown,France,2025-05-01,6.24
REC-183927,6897,Quatre-Quarts pur beurre,Ker Cadélac,Francia,2025-12-01,7.14
REC-492841,10931,8 pains au chocolat,Carrefour,France,2025-07-29,7.21
REC-905371,7755,Tortillas chips nature,Carrefour,"Frankrijk,Italië,Polen,Roemenië,Spanje",2024-08-21,18.61
REC-122946,5119,Vico pop corn baff caramel,Unknown,France,2025-05-03,4.12
REC-426186,7246,Mars glacé,Mars,"Bélgica,Francia,Alemania,Suiza",2025-05-27,13.17
REC-750895,10059,Walkers Cheese & Onion Crisps 6pk,Walkers,United Kingdom,2025-10-06,24.93
REC-975007,14456,Almond & Apricot Bars,Eat Natural,"Belgium,France,United Kingdom",2025-10-25,8.68
REC-881009,9326,Twirl Chocolate Bar,Cadbury,"France, United States, en:united-kingdom",2025-10-12,20.12
REC-592773,13959,OATIES,TESCO,"France, United Kingdom, en:ireland",2025-08-13,21.3
REC-858419,8694,Pringles Cheese & onion,PRINGLES,"France,Allemagne,Martinique,Maroc,Espagne",2026-01-28,21.03
REC-293786,9063,Love corn smoked bbq imp,Love Corn,"France, en:united-kingdom",2025-05-13,14.3
REC-960640,6302,180G C OR LT RAISIN NOISET,Côte d'Or,France,2024-08-27,18.1
REC-556090,5071,Dairy Milk,Cadbury,"France, United States, en:united-kingdom",2024-08-05,1.34
REC-896689,10023,Brioss,Kinder,"Francia,Italia,Svizzera",2025-05-22,14.76
REC-955170,9514,Vitalday Crocant Chocolate,Gullón,"Portugal,España",2024-03-30,24.54
REC-950203,12120,Barritas muesli chocolate,Hacendado,Spain,2025-03-30,17.87
REC-834363,8967,Garlic bread,BECKY'S,"France,Czech Republic",2025-12-16,21.7
REC-127214,13611,Tentation,Aiguebelle,"France,Morocco",2025-03-01,17.34
REC-916183,10405,Barrette arachidi e cioccolato al latte,crownfield,"France,Spain",2024-06-21,21.34
REC-314017,5730,Chips,Unknown,"France, Spain, en:morocco",2024-03-14,16.16
REC-231756,7090,WR Shortbread Fingers 200g,Unknown,"France,United Kingdom",2024-03-01,4.18
REC-134748,11048,Organic Oatmeal Dark Chocolate,Unknown,United States,2024-03-09,10.21
REC-457256,6237,Sea Salt Chocolate,Moser Roth Aldi,United Kingdom,2024-05-31,7.82
REC-949000,9092,Dark & Salted Caramel Vegan Chocolate,raw halo,en:gb,2024-12-11,7.54
REC-109016,8773,Bonbons aux plantes,Ricola,France,2025-04-24,17.16
REC-842658,5290,Leader chips,Unknown,en:ma,2025-01-27,7.63
REC-882957,7169,Apple & Cinnamon Porridge Oat Bars,"Crownfield, Lidl",United Kingdom,2024-02-10,12.51
REC-618241,11518,briochettes aux pépites de chocolat au lait,maître Jean Pierre,France,2024-07-30,9.83
REC-281837,11573,ALL BUTTER CROISSANTS,taste THE DIFFERENCE,United Kingdom,2024-10-17,17.11
REC-153948,10919,avoine chocolat,"Karéléa, Léa Nature",France,2024-05-17,3.86
REC-116839,13509,Giant buttons,Montezuma’s,en:United Kingdom,2025-09-04,9.88
REC-176220,13140,Silvia duo,Excelo,en:ma,2026-02-02,9.28
REC-237575,10631,Haribo dragolo,Unknown,France,2025-03-09,9.85
REC-329651,11948,Brunch bar raisin,Cadbury,en:United Kingdom,2024-07-26,15.72
REC-709697,10882,Cocktail sans sel ajouté,Carrefour,"France,Espagne",2025-11-27,21.33
REC-506257,14183,Harvest Snaps Lightly Salted Crispy Baked Veggie Snacks,Calbee,"en:us, World",2024-09-16,15.41
REC-204100,6302,Oaties,Nairn's,United Kingdom,2024-09-30,10.29
REC-235548,6150,Graze cocoa vanilla,Unknown,en:gb,2024-02-25,14.97
REC-912543,5914,Patatas fritas sabor campestre,Hacendado,España,2024-04-26,17.85
REC-569021,8333,Petit ourson guimauve,CEMOI,France,2025-07-13,9.87
REC-239025,6226,Takis Dragon Sweet chilli,Takis,"Germany, Romania, United States, en:united-kingdom",2025-01-20,17.31
REC-260077,11755,Skittles Taste The Rainbow Fruits,Mars,"Marokko, Vereinigtes Königreich, Germany",2024-07-12,3.71
REC-365239,9505,Oreo White Protein Bar,Grenade,"Vereinigtes Königreich, Germany",2024-12-26,1.13
REC-817002,12841,Oreo,Unknown,India,2024-09-18,20.11
REC-189159,13365,Mini tartelettes,Unknown,France,2025-12-15,13.77
REC-970492,7139,Crunchy Cookies,Kinder,"Frankreich, Germany",2024-08-31,4.76
REC-613132,7615,Cantuccini alle mandorle,"ITALIAMO, Lidl Realforno, Realforno, Lidl","France,Germany,Switzerland",2025-03-21,11.24
REC-857303,9481,Pain d'Épices aux Fruits,Deluxe,France,2024-03-26,18.62
REC-110909,14221,Crackers Apéritif Blé Complet,"Heudebert, LU, Mondelez","France,Polynésie française",2025-02-19,22.57
REC-792833,7940,Excellence Dark 70% Cocoa,Lindt,"France,Maroc",2025-04-01,1.03
REC-220315,9356,Zanzigliss 300g,Haribo,France,2025-12-29,18.32
REC-749948,9108,Biscuits Delacre Cigarettes Russes - 200g,"Delacre, Ferrero","France,Suisse",2025-02-02,4.04
REC-374713,13698,Galette maïs chocolat au lait,Gerblé,France,2024-04-11,17.62
REC-575108,8985,Cake Moeles,St Michel,France,2025-02-01,9.46
REC-282727,12865,LOTUS Gaufres Fourrées cœur fondant Vergeoise 310g (5x2p),Lotus,"Belgium,France",2024-04-25,8.99
REC-277635,6419,Palets Bretons Spécialité de Pont-Aven au beurre,"Carrefour, Reflets de France","France, en:ca, Italie, Espagne, Roumanie",2024-10-28,16.49
REC-725125,12909,Vitality* Sésame,Unknown,"Francia,Italia,España",2024-06-16,21.11
REC-808257,12574,Biscuit sésame BIO,"Chabrior, Chabrior Bio",France,2024-07-07,21.16
REC-480230,10572,Biscuits Sablés bio amandes citron paquet de 200g,"U, U Bio",Frankrijk,2024-06-24,4.71
REC-397859,14018,Biscuits rose de Reims,Maison fossier,France,2025-05-05,22.09
REC-483281,6658,Crackers Emmental & pipas de calabaza,Carrefour BIO,"France,Italie,Espagne",2024-09-04,21.24
REC-158707,10636,Chips à la crevette,Carrefour,"France,Italie,Espagne",2025-07-22,21.09
REC-503962,5250,Madeleines coquilles,"Marque Repère, P'tit Déli",France,2024-02-18,8.8
REC-134302,13349,Chocolat noir dessert bio,"Bio Village, Marque Repère",France,2024-04-24,3.84
REC-780500,11027,Chocolat noir intense dégustation,Alter Eco,France,2025-12-16,7.89
REC-262002,10387,Chocolat au lait riz soufflé,Ethiquable,France,2025-12-18,21.79
REC-760560,13477,Balisto miel amandes x10,Balisto,"Autriche,France,Allemagne,Italie,Pays-Bas,Suisse",2024-05-23,24.11
REC-622940,9705,P'tit Déj - Biscuits nappés de chocolat au lait,BN,France,2024-10-04,16.15
REC-459206,13428,Mature Cheddar & Red Onion Flavour Hand Cooked Crisps,Tesco,United Kingdom,2025-01-23,8.98
REC-459551,7567,The Original Digestive,McVitie's,"France, Italie, Suisse",2025-05-24,16.88
REC-461969,11039,Browniz,Moulin d'Or,"France, Tunisia, en:morocco",2025-05-28,22.45
REC-594359,11238,Bonbons Ricola aux Plantes,Ricola,France,2025-01-19,17.81
REC-680660,7317,Choco Moo,MILKA,"France, en:belgium",2025-05-06,20.83
REC-315527,11665,Luflée Alpenmilch,"Milka, Mondelez","Germany, Italy, en:morocco",2025-02-18,3.0
REC-708074,8505,Riso su riso croccantezza integrale,Galbusera,Italy,2025-10-27,7.11
REC-914960,7458,Granetti integrali,"Barilla, Mulino Bianco","Frankreich, Italien, Germany",2025-11-07,24.06
REC-600928,5117,Cookies sin glúten sin azúcares añadidos,Gullón,"Francuska,Maroko,Španjolska,Hrvatska",2026-01-23,16.42
REC-526531,12808,Speculos,Lotus,France,2025-03-02,6.97
REC-328260,11900,Chocotom,Tom,"France,Tunisie",2025-03-08,2.12
REC-233927,7321,Galleta maría integral,Hacendado,España,2025-12-16,8.59
REC-661899,8524,DUO CRUNCH Strawberry & Yogurt,belVita,United Kingdom,2024-02-12,18.21
REC-726163,7852,Matzos: Flame Baked Crackers,Rakusen's of Yorkshire,"France, Ireland, en:united-kingdom",2024-07-17,9.06
REC-582339,8517,Croissants,Unknown,United Kingdom,2025-06-11,18.55
REC-827812,7614,Receta Campesina,"Lay's,PepsiCo","Portugal,España",2025-08-21,15.78
REC-767435,10890,Sweet Chilli Crackers,Rivercote,en:United Kingdom,2025-05-15,19.93
REC-705267,7516,Galleta crocant con copos de avena zero,Gullón,"Portugal, Spain, en:morocco",2025-08-08,14.95
REC-568951,10854,Scottish Seeded Oatcakes,Aldi,United Kingdom,2024-07-04,15.17
REC-816569,13437,Masala Munch,"Kurkure,PepsiCo",India,2024-04-06,17.58
REC-250735,12035,Cuquis,Hacendado,España,2025-01-14,23.24
REC-757617,11889,LOTUS BISCOFF Speculoos Fourré - Crème saveur Vanille - 150g,Lotus,"Belgium, France, Germany, Morocco, New Zealand, en:united-kingdom",2025-06-04,7.1
REC-136440,13979,Magdalenas Integrales 0%,Hacendado,"Portugal,España",2026-02-03,21.78
REC-759596,14529,Saracene,Balocco,"Italia,en:italy",2025-05-31,2.61
REC-961108,6535,Savane familial chocolat noir,Brossard,France,2024-12-29,21.57
REC-275926,8095,Digestive zero azúcares,Gullón,España,2025-03-26,19.09
REC-177589,9352,Finest Sea Salt And Black Pepper Crisps,Unknown,en:United Kingdom,2025-12-29,19.01
REC-445276,7810,Trident peppermint flavor,Trident,en:Morocco,2024-09-07,12.21
REC-111010,7828,Flocons d'Avoine,Unknown,"France,Monde",2025-02-15,17.81
REC-272885,12736,Tendre cœur chocolat,Bonne maman,"Francia,Serbia",2025-09-26,9.43
REC-456735,14655,Sweet Chilli Rice Crackers,Aldi,United Kingdom,2024-09-14,1.43
REC-948001,9616,Cracker salati con lievito madre mulino bianco,Mulino Bianco,it:en:it,2025-03-08,21.42
REC-848277,6455,Cheese Flavour Potato Snacks,Walkers,"France, en:united-kingdom",2024-05-25,5.05
REC-229671,6852,FINGERS,"Cadbury, Fingers",France,2024-12-07,20.66
REC-190698,10084,Goldbären,Haribo,Deutschland,2024-10-01,5.25
REC-321026,13459,Barres de céréales chocolat noir,Crownfield,en:fr,2025-01-21,20.72
REC-403580,13221,Carrot cake bars,Bear,en:gb,2024-12-12,3.73
REC-687579,7812,Roasted & Salted Peanuts,Unknown,en:gb,2024-08-16,22.57
REC-839107,14101,Superfood Oat Bites Cocoa & Orange,Lidl,en:gb,2024-04-14,6.47
REC-221630,13194,Covrigei Italienesti Taralli Cu Masline,alka,en:Romania,2025-11-12,9.74
REC-484163,13921,Tobigo Petit Beurre,Tobigo,en:morocco,2024-04-25,2.53
REC-364226,10941,Tchambi choco up,Unknown,en:morocco,2025-01-19,11.4
REC-551244,5829,Leka Gaufre,Mecho,en:Morocco,2025-08-15,14.74
REC-901507,13405,Dark Chocolate Nuts & Sea Salt,KIND,"Spain,United States",2025-01-06,23.62
REC-771597,6545,Kafferep (Aveia),Ikea,"France,Germany,Switzerland,United Kingdom",2025-05-16,13.14
REC-341113,8175,Grandino Pépites de Chocolat & Nougatine,Sondey,France,2024-11-02,9.89
REC-419021,9284,SALSA DIP medium,Snack Day,"France, Germany, en:it",2024-04-01,24.14
REC-574998,8815,Barquette Fraise,Sondey,France,2024-08-30,3.19
REC-297142,10718,La barquette (chocolat),LU,"France,Allemagne",2024-08-17,10.37
REC-505913,7430,NESTLE LES RECETTES DE L'ATELIER - Carrés dégustation Chocolat noir 70% - 210g,Unknown,France,2025-03-06,24.91
REC-724380,11601,Carrés Noir Noisette,"Côte d'Or, Mondelez, Mondelez International","Belgique,Chine,France",2024-12-13,1.19
REC-825001,8891,Caramel Feinherb,Unknown,"Australia,Austria,Bélgica,Bulgaria,Francia,Alemania,Marruecos,Nueva Zelanda,Suecia,Suiza",2025-02-09,1.32
REC-377355,14141,Petits coeurs choco'croc,"LU, Mondelez",France,2024-07-05,15.81
REC-722753,5763,croquant miel sésame,Unknown,"Francia,Reunión",2024-12-11,18.15
REC-934813,6408,Biscuit moelleux pomme saveur framboise,Gerblé,"France,Switzerland",2024-05-09,13.2
REC-631616,9824,Petit Muffins,Bonne Maman,"France, Germany, en:united-kingdom",2024-05-28,22.51
REC-228167,5689,Cookies nougatine - 200g,Chabrior,France,2024-10-24,2.83
REC-483798,12116,Tubo sticks & bretzels,"Bouton d'or, Intermarché",France,2025-02-22,3.4
REC-272517,5737,Tuiles goût crème et oignon boîte de 170g,U,France,2024-10-12,21.0
REC-123614,11404,Céleri rémoulade à la moutarde à l'ancienne,Pierre Martinet,"France,Switzerland",2025-08-29,7.49
REC-156736,13402,La gourmande,"Intersnack, Vico",France,2024-07-02,7.03
REC-658399,6968,Tartines craquantes bio cacao,"Ekibio, Le pain des fleurs","Belgium,France,Switzerland",2025-08-16,5.93
REC-919466,10133,Chocolat Noir 70% Bio,Kaoka,France,2025-08-17,18.99
REC-132331,11844,Chocolate negro con almendras caramelizadas,Unknown,"en:france, en:italy, en:kenya, en:spain, en:belgium",2024-11-28,11.49
REC-107465,6265,Petit-beurre bio,"Bio Village, Marque Repère",France,2025-07-14,12.69
REC-860847,14432,Speculoos sans sucres,"KARÉLÉA, Léa Nature",France,2024-06-07,2.13
REC-659596,6768,Gaufrettes chocolat,"Jardin Bio, Jardin biologique, Léa Nature",France,2024-04-09,18.82
REC-323342,11321,"KITKAT 4 Fingers Barre au Chocolat au Lait 41,5g, unitaire","Nestlé, Kitkat","France,Mexique,La Réunion,Espagne",2024-06-20,12.97
REC-167820,12390,Mr. Tom Peanuts in Caramel,Mr. Tom,"Francia,Alemania,Reino Unido",2026-01-17,24.21
REC-923677,8000,Butter Broiche Rolls,Tesco,"France, United Kingdom, Germany",2025-01-10,4.13
REC-447844,10815,Speculoos Original Format Familial,"Lotus, Biscoff","United Kingdom, en:france",2025-10-08,10.06
REC-456435,12920,M&M's Biscuit,"M&M's, Mars",France,2024-12-26,23.06
REC-586240,7023,Chocolat Villars Noir 70% Sans sucre ajouté 100g,Villars,"France, Guadeloupe, Switzerland, en:morocco",2024-07-11,2.91
REC-164984,13783,Granola Cœur Extra Moelleux Chocolat,"Granola, Lu",France,2026-01-19,17.97
REC-104497,10449,Happy Cow,"Milka,Mondelez","Austria,France,Germany,Poland,United Kingdom",2025-11-01,8.63
REC-345618,11285,Barritas con proteínas sabor coco y chocolate,Enervit,"Francia,España",2024-11-14,23.7
REC-976212,12982,Grand' Italia Pesto alla Genovese,Grand' Italia,Belgium,2024-06-26,6.3
REC-931430,11719,Peak Fish Crackers 250G,Gullón,"Francia,Marruecos",2025-05-26,24.87
REC-488077,13198,DIBUS SHARKIES imp,Gullón,"Alemania,España",2024-03-12,3.84
REC-677236,8127,Mary Trini - -,Excelo,"France, en:morocco",2024-10-17,15.8
REC-976121,10888,Brioche Tressée aux perles de sucre,Unknown,France,2024-05-04,22.58
REC-140088,6229,Dark Chocolate Nut,BE KIND PROTEIN,"Finland,France,Spain,Switzerland",2025-12-03,6.72
REC-156633,14488,Kanel Gifflar,Pågen,"Denmark,Norway,Sweden,Finland",2024-09-02,8.94
REC-167969,7222,Cococoa,Toren,Morocco,2025-08-19,23.41
REC-304894,14217,Biscuits charcuterie Chorizo,Michel Et Augustin,France,2024-07-13,3.29
REC-108252,7792,Nut Bar Cashew Pumpkin Raisin,2 KEEP NATURAL BITES,"France, en:belgium",2024-05-29,18.17
REC-361896,13440,Caramelised Biscuits,Unknown,United Kingdom,2024-09-29,17.38
REC-219709,6125,Cuor di Mela Mulino Bianco,Mulino Bianco,Italia,2025-08-19,15.75
REC-487590,8703,Petit beurre,Bé,en:Morocco,2025-11-29,1.82
REC-869438,8820,Biscuits à l'avoine complète et aux pépites chocolat bio 130g,"U, U Bio",France,2024-09-14,21.03
REC-291132,6561,Citron Mélisse,Ricola,France,2024-11-21,10.56
REC-310269,12291,Curly Donut,Vico,en:fr,2024-10-20,22.11
REC-988097,9048,Nutella biscuits🍪,Nutella,"Francia,Italia",2024-12-28,5.93
REC-659979,8038,"Süßes, Schokolade Edelbitter 90%","Aldi,ALDI Moser Roth,Moser Roth",Deutschland,2024-07-02,8.56
REC-433235,6089,Barre de céréales pomme verte,Crownfield,en:fr,2024-04-07,21.92
REC-649280,5245,Crunchy Peanut Butter,Clif Bar,"France, Switzerland, United Kingdom, en:austria",2025-08-05,1.41
REC-653226,10046,Rice bar dark chocolate,LIFESTYLE,"Belgium, en:france",2025-08-24,9.59
REC-254398,6320,Brioche muffin bio x 5 250g blg,La Boulangère,France,2024-05-07,2.56
REC-979422,5217,SOFT BAKES Red Berries,belVita,en:United Kingdom,2025-09-26,3.8
REC-993375,10684,fruit splits raspberry & pineapple,bear,en:United Kingdom,2025-12-13,7.34
REC-729133,11616,Barre Cranberry,Raw Bar,France,2024-03-07,12.27
REC-953041,14483,Raw Bar salted caramel Flavour,Unknown,"Netherlands, en:france",2025-03-11,7.31
REC-576667,13552,Fluffy white,Unknown,en:morocco,2024-07-14,10.52
REC-466325,9066,Original Popcorn,SkinnyPop,"France,United States,World",2024-06-22,12.24
REC-156725,9388,Bolachas Recheadas Framboesa,Sondey,"France,États-Unis",2024-12-01,2.71
REC-880936,9674,Edelrahm-Ganze-Mandel,Fin Carré,"Francia,Alemania,Portugal,España",2025-02-27,17.8
REC-187810,5476,Chocolat noir,"Fin Carré, Lidl","Belgique,France,Pays-Bas",2024-10-24,7.08
REC-816720,6080,"Taboulé au poulet, à la ciboulette",Saladinettes,France,2024-10-18,8.32
REC-726190,5795,Cookies trois chocolats,Sondey,"Frankreich,Spanien,Deutschland",2024-08-09,20.85
REC-979947,6641,Bio Knäckebrot,"Grafschafter,Maître Jean Pierre,Bio Organic,Lidl","França,Alemanha,Portugal,Espanha",2024-02-23,23.84
REC-362815,10145,Milk chocolate lidl,Unknown,"France,Allemagne",2025-11-30,5.74
REC-140403,7804,Crème Caramel,"Nestlé,La Laitière",France,2025-06-27,20.06
REC-103766,8581,Extra velouté blanc,Unknown,"Australia,France,Switzerland,United Kingdom",2024-04-19,22.53
REC-603717,10188,Biscuits Goût Chocolat,"BN, United biscuits",France,2025-04-16,15.99
REC-775875,5503,Haricots Happy Life,Haribo,"Belgium,France",2025-07-01,15.61
REC-368603,7270,Lay's 3D's Bugles goût nature format familial,Lays,France,2024-07-03,7.29
REC-459837,5466,Gerblé sans sucres génoise chocolat saveur framboise,Gerblé,France,2025-06-22,4.99
REC-185395,12017,Galletas de arroz inflado rellenas de chocolate y avellana,"Carrefour BIO, Carrefour","Belgique,France,Italie,Espagne",2025-10-24,18.6
REC-722702,7352,Vitality* Figue,Carrefour,"France, French Polynesia, en:morocco, Italie, Espagne",2025-07-05,11.03
REC-156182,14156,Crackers emmental et graines de courge x8 - BIO,"Chabrior, Regain",France,2024-03-02,9.73
REC-776407,5714,Chocolat Noir 90% Bio,Kaoka,"France, Netherlands, en:morocco",2025-06-06,8.09
REC-898285,7317,Les Palets Recette à la Madeleine,"Carrefour,Carrefour Original","Belgium,France,Italy,Kenya,Spain",2025-04-20,2.98
REC-788835,10520,Bizcocho con fruta,Carrefour,"France, Italie, Espagne",2024-04-16,20.3
REC-306066,12047,Cuillers à pâtisserie aux œufs frais,"Marque Repère, P'tit Déli",France,2024-04-20,19.95
REC-861950,10291,Tortillas Chips,"Marque Repère, Tokapi",France,2024-12-04,19.73
REC-979302,6302,Crackers Épeautres 3 Graines,"Bio Village, Marque Repère",France,2024-09-04,6.37
REC-554475,12913,Chocolat lait commerce équitable,Ethiquable,France,2024-06-11,15.69
REC-697206,5837,Chocolat lait nature tendre et fondant,Ethiquable,France,2025-01-14,1.13
REC-533513,14506,Lotto Classic Snack,Best Foods,"France, Romania, Spain, en:bulgaria",2024-11-18,15.23
REC-567009,7480,Halbbitter,RITTER SPORT,"Österreich,Frankreich,Deutschland,Italien,Schweiz,Thailand",2025-11-13,11.5
REC-558109,7120,"Süßes, GiOTTO Haselnuss",Ferrero,"France, Germany, Switzerland, en:morocco",2024-11-28,8.14
REC-222045,9789,Kipferl,Bahlsen,"France,Germany",2024-11-30,4.06
REC-567580,8617,Milka Noisette,"Milka,Mondelez","Austria,Bulgaria,France,Germany,Italy",2024-07-25,14.18
REC-545790,5940,Fromage emmental & graines de courges,DR. KARG'S,"France, en:belgium",2024-04-12,18.07
REC-570729,14209,Balisto Fruits des bois x10,Balisto,France,2024-07-17,4.54
REC-633408,5812,Digestives Dark chocolate,McVitie's,"France, Spain, en:united-kingdom",2024-09-17,10.0
REC-225043,10065,Cashew Cookie Fruit & Nut Bar,nakd,Royaume-Uni,2025-02-01,21.14
REC-210223,11335,Pure fruit yoyo raspberry,"Bear, Bear Nibbles","Czech Republic, France, en:united-kingdom",2024-08-09,3.85
REC-842549,7582,Dark Intense,Heidi,"Bulgarie,République tchèque,France,Pologne,Roumanie,Russie,Slovaquie,Thaïlande",2024-06-21,23.58
REC-652519,12167,Ambassadeur,bimo,"Algérie,France",2024-10-13,13.02
REC-633648,6875,50G RICOLA ALPIN FRESH,Ricola,France,2024-12-22,20.67
REC-224217,7437,Rocher aux amandes,Kambly,"France,Switzerland",2024-08-15,3.5
REC-312716,5536,Calendrier de l'avent au chocolat,Unknown,France,2025-01-16,10.55
REC-376614,6096,Gocciole Extra Dark,Pavesi,"France,Italy,Switzerland",2025-10-20,23.62
REC-197496,14183,Macine con Panna Fresca,Mulino Bianco,"Canada,France,Germany,Italy",2024-06-08,10.36
REC-575359,12614,Mini,"Chips Ahoy!,Mondelez","Francia,Portugal,España",2024-02-22,11.13
REC-620872,9342,Huesitos original,"Valor,Mondelez","Francia,Marruecos,España",2025-01-11,5.23
REC-341686,8799,Tortas de Aceite,Inés Rosales,España,2025-10-18,11.26
REC-527915,8239,Cheetos Big Chipito saveur fromage,Cheetos,"France,en:Belgique",2025-02-12,9.43
REC-255561,12611,Freshmint,Frezzh,"France, Germany, en:morocco",2025-12-07,4.31
REC-753335,10200,Pop corn sweet,Butterkist,en:United Kingdom,2025-07-30,19.55
REC-361794,7041,180G POULAIN PRALINOISE,Unknown,"France,Maroc",2024-06-07,14.58
REC-225051,9130,Patatas fritas,Leader Chips,Morocco,2024-08-11,18.5
REC-478830,7211,Mentos Pure Fresh,Mentos,"France,Morocco,Spain",2024-02-26,7.54
REC-573586,11267,Moser roth chocolate,Moser Roth,en:gb,2025-11-04,13.89
REC-431848,10781,Doritos Sweet Chilli Pepper Flavour,Doritos,"Belgium, France, Netherlands, Sweden, Germany",2025-02-10,3.33
REC-152690,9291,Sweet sriracha chilli lentil chips,Proper,"Verenigd Koninkrijk,Nederland",2024-04-06,22.57
REC-773512,5099,Солети,Златна Добруджа,Bulgaria,2024-05-06,12.58
REC-611123,13356,72% Noir intense,"Auchan,Auchan Gourmet","France,World",2024-11-03,2.66
REC-765084,6849,Finger biskiivi,Süsse,"Turkey, en:morocco",2025-06-24,15.94
REC-284541,12098,NESTLE L'ATELIER Tablette Chocolat noir myrtilles amandes - 170g,"Nestlé,Les recettes de l'atelier,Nestlé Les Recettes de l'Atelier",France,2025-06-23,21.79
REC-865265,10024,Chocolat noir extra fin 73%,Macao,Morocco,2024-05-18,11.56
REC-800312,11549,Leader chips fromage,Leader Chips,en:ma,2025-11-18,15.56
REC-102364,12622,Petits beurre,"Jardin bio, Léa Nature",France,2026-01-02,4.85
REC-763991,13830,Peanut Butter Dark Chocolate,Be Kind,"Finland,France,Italy,Norway,Switzerland",2024-05-15,8.18
REC-634524,6875,Wheat Thins 100% Whole Grain,Mondelez,United States,2026-01-28,11.5
REC-965546,12125,Biscuits fourrés goût chocolat au lait,BN,"France, en:morocco",2025-05-04,7.93
REC-272923,6584,BN goût Framboise,BN,"France,Maroc",2026-02-01,6.82
REC-485266,11353,Corn thins,Sainsburys,"United States, en:united-kingdom",2025-09-20,15.6
REC-183187,10686,Sour Cream & Chive Flavour Rice and Corn Snack,Snack a Jacks,en:gb,2025-03-06,9.44
REC-550052,10756,10 pains au chocolats,Maître Jean Pierre,France,2024-08-31,20.23
REC-115792,10227,Le petiy biscotte crunchy cinnamon and brown sugar biscuits,Lu,en:gb,2024-10-09,12.04
REC-877493,12543,Tortilla Chips,Lidl,en:United Kingdom,2024-02-14,8.99
REC-224121,12228,sablé canelle,Unknown,en:ma,2024-08-08,1.83
REC-974262,10923,Biscuits fourrés à la noisettes et cacao sans sucre,Gerblé,en:fr,2025-10-31,24.27
REC-425720,11725,Dairy Milk Fruit & Nut,Cadbury,en:gb,2025-06-01,2.09
REC-258516,7471,Chocolate negro,Nestlé,"Spain, en:morocco",2024-02-08,19.15
REC-603778,10415,Mint,Skinny Whip,"Ireland,United Kingdom",2025-01-27,6.07
REC-896377,8111,Manomasa,Manomasa,"Ireland, en:united-kingdom",2025-05-10,24.79
REC-320770,10222,Halls cherry,Mondelez,"Egypt, en:morocco",2024-12-16,22.69
REC-275442,11970,Lively Lemon Oat Boosts,graze,en:gb,2025-10-25,21.56
REC-498256,6295,Lemon blueberry,Graze,en:United Kingdom,2025-12-06,15.59
REC-478281,7753,BOURBON,Britannia,India,2025-01-14,1.21
REC-729722,12587,Sour Shox,Unknown,"United Kingdom,United States",2024-06-01,21.85
REC-227428,11032,Pick Up! Original,Pick Up!,United Kingdom,2025-01-09,19.18
REC-909357,7507,Marbú Dorada 0% Azúcares Añadidos,Artiach,"Marruecos,España",2024-03-20,21.62
REC-905023,9008,Shortbread Highlanders,Walkers,"France, Germany, United Kingdom, en:switzerland",2024-11-18,13.39
REC-505546,14834,RITZ Crackers the original,Mondelez International,United States,2024-06-04,15.49
REC-657196,10804,corn muffin mix,JIFFY,United States,2025-01-20,7.96
REC-224219,5041,Panda Liquorice,panda,"France, Italy, Spain, en:united-kingdom",2024-12-27,6.48
REC-863013,10937,cookies aux pépites de chocolat,Unknown,France,2024-10-17,3.69
REC-619067,13299,Arlequin Original,Lutti,France,2024-09-19,21.74
REC-920009,5794,Bénénuts Twinuts original,Unknown,France,2024-05-23,20.3
REC-412474,12679,Cocottes chocolat et graines bio,St Michel,"France,Suisse",2024-07-12,11.3
REC-777724,14715,Madeleines moelleuses,St Michel,"France, en:morocco",2025-06-14,23.74
REC-387941,5781,Galettes au bon beurre,St Michel,"France,Allemagne,Royaume-Uni,Italie",2024-05-10,21.27
REC-384511,5290,Mini brioches tressées,"Harris, Harrys",France,2024-09-03,9.59
REC-940034,12487,Coleslaw,Monique Ranou,France,2024-08-28,7.63
REC-757456,13566,Gaufres fourrage au miel - BIO,Chabrior,France,2025-11-27,7.79
REC-409619,9761,Cookies Tout Chocolat,Carrefour,"Belgium,France,Italy,Morocco,Spain",2026-01-31,18.66
REC-439800,6255,Noir noisettes entieres,Carrefour Extra,"Belgium,France,Kenya",2025-06-30,14.81
REC-908156,12165,Sablés au deux céréales Chocolat lait,"Carrefour BIO, Carrefour",France,2025-08-24,22.68
REC-479940,14012,Déli matin,"Marque Repère, P'tit Déli",France,2024-06-06,5.71
REC-596701,9177,La Gâche Tranchée au sucre x 14 tranches,La fournee doree,France,2025-02-03,1.33
REC-995175,13989,Croquettes de Poisson MSC Ail et Fines Herbes,Findus,"France,La Réunion",2024-09-22,5.61
REC-713914,10633,Poulain noir extra,Poulain,France,2026-01-14,8.33
REC-715226,6213,Fine et gourmande lait français,"Fine gourmande, Poulain","France, en:morocco",2025-09-11,16.39
REC-600120,14522,Pain lait bio* nature x8 280g,Bien,France,2024-06-24,22.86
REC-336168,11609,Chocolat noir extra,Ethiquable,France,2025-10-16,17.4
REC-635877,11796,Tablette de chocolat 85% de cacao,Grain de Sail,"France,en:france",2024-07-15,13.99
REC-793869,13117,Corny Schoko-Banane 4011800523213 Müsliriegel,"Corny, Schwartau","Austria,Germany",2025-09-06,11.46
REC-729454,5907,"Süßes, Kekse Hobbits kernig","Bahlsen, Brandt","France,Germany,Spain",2024-02-20,3.56
REC-795417,10431,Cream Crackers,Barber,"France, Netherlands, Spain, en:united-kingdom",2025-05-06,6.15
REC-991261,13519,Menier Swiss Dark Chocolate,Menier,"France,Royaume-Uni",2024-03-07,13.87
REC-456070,9654,Smiths Scampi & Lemon Snacks,Smiths,"France, en:united-kingdom",2024-12-08,18.81
REC-593710,5324,Centwafers,Lu,"Belgium,France,Luxembourg",2024-10-06,15.5
REC-881762,5157,Sans gluten et sans lactose,Unknown,"Belgium, France, Germany, Switzerland, en:netherlands",2024-05-02,1.69
REC-828818,6585,Ovomaltine Barres,Ovomaltine,France,2024-04-03,3.9
REC-198426,7619,Granola Barre Extra Cookie,Unknown,France,2024-09-13,5.42
REC-735262,5718,Toblerone,TOBLERONE,"France, Switzerland, Germany",2025-12-14,16.18
REC-335006,11415,Barre Chocolatée Kinder Bueno Chocolat au Lait,"Ferrero, Kinder",France,2026-01-11,16.49
REC-235171,13348,Bonbons Tic Tac x110 pastilles MENTHE EXTRA FRAÎCHE - 54g,"Ferrero, TIC TAC","France, Switzerland",2024-04-27,5.99
REC-126795,9570,Plazma,Bambi,"Serbien, Germany",2024-05-15,23.37
REC-191439,5618,Dairy Milk Little Bar,Cadbury,"France,United Kingdom,United States",2025-12-08,12.06
REC-879240,12575,Crunchy Toasts Seigle complet & sésame,Carrefour,"France,Italie,Espagne",2024-04-18,20.68
REC-742761,6728,CACAHUÈTES GRILLEES SALEES,CARREFOUR CLASSIC',"Belgium,France,Italy,Poland,Romania,Spain,Guadeloupe",2024-05-09,17.0
REC-182506,12279,Salted Caramel Bar,Nakd,"België,Tsjechië,Frankrijk,Senegal,Spanje",2024-03-07,3.45
REC-947426,14139,Spécial matin sarrasin fibre,"Ekibio,Le Pain des Fleurs","Belgium,France,Spain",2024-02-06,1.85
REC-624868,12311,Galbusera Frollino Vitagi Alcalinizzante,Galbusera,Italia,2024-05-21,15.81
REC-575916,14969,frita saveur paprika,Frita,Morocco,2025-06-28,7.72
REC-273523,7790,Chips Saveur Sauce Pommes Frites,Brets,France,2024-10-18,18.34
REC-635011,10128,Wortsits Giants Really cheesy,Walkers,United Kingdom,2026-02-03,1.38
REC-151480,7036,Pomme,"Marque Repère, NAT&vie",France,2025-09-26,22.54
REC-540709,10615,French Fries - Ready Salted,Walkers,United Kingdom,2025-09-19,18.47
REC-881893,6340,PROTEIN FLAPJACKS SALTED CARAMEL,TREK,Reino Unido,2024-06-25,9.95
REC-299690,11554,gullon zero wafer vanilla,Gullón,Spain,2024-09-13,13.44
REC-478544,11024,Carrot Cake Soft Oaty Bars,Unknown,en:gb,2026-01-09,7.22
REC-165693,10054,KIDDYLICIOUS Cheesy Straws - saveur Fromage - 48g (4x12g),Kiddylicious,"en:gb, France",2024-11-22,9.56
REC-679095,13872,Peruvian Dark Chocolate,Asda,United Kingdom,2025-05-24,12.54
REC-470114,13424,Mozart Kugeln,"J.D. Gross,Lidl,Schluckwerder","France,Germany,Netherlands,Spain",2025-11-03,18.91
REC-623255,10622,Chocolate con leche 0%,Trapa,"Marruecos,España",2024-10-26,15.75
REC-978198,6480,Ready Salted Crisps,Tesco,"France,United Kingdom",2025-02-06,7.39
REC-400651,12060,Doritos,Doritos,France,2024-02-07,7.92
REC-508622,12636,Chocolate Orange Oat Biscuits,Nairn's,"United Kingdom,en:united-kingdom",2025-03-29,15.79
REC-239402,8668,Galletas Divertidas,Unknown,España,2024-07-09,10.34
REC-631780,7582,Milka Chips Ahoy Chocolate,Unknown,en:morocco,2024-08-27,21.47
REC-598647,7321,L'Original fingers,"Cadbury, Fingers, Mondelez",France,2024-10-31,8.24
REC-795928,14428,Haferkraft Zero - Kakao 4er-Pack,Corny,Deutschland,2025-10-07,6.84
REC-995010,7877,Chipsfrisch Peperoni,Funny-frisch,Germany,2025-06-18,14.45
REC-560140,12615,"Snacks poppés lentilles pois cassés et quinoa, sachet 70g",U,France,2024-11-02,21.97
REC-861436,9046,Drumstick Squashies,Swizzels,en:United Kingdom,2024-07-23,4.7
REC-529810,7037,Pringles hot cheese,Pringles,"France,Allemagne,Maroc,Royaume-Uni,États-Unis",2025-05-10,22.14
REC-567924,10587,Original,Cheez-It,United States,2024-03-06,22.19
REC-378832,13699,Pringles Original,Pringles,"Bolivia,France,Germany,Hong Kong,United States",2025-09-27,3.67
REC-183489,9121,tartines craquantes riz et quinoa,Bisson,"Belgium,France,Guadeloupe,New Caledonia",2024-07-21,20.91
REC-370007,12505,Tiramisu,"Deluxe,Lidl,Solo Italia","Bulgaria,Croatia,Czech Republic,France,Germany,Slovakia,Slovenia,Spain,United Kingdom",2025-05-12,6.99
REC-437363,6575,La cerise,"Lidl, Qualité Supérieure","France,Germany,United Kingdom",2024-06-19,13.44
REC-160738,10868,Envitas Fraise & Yaourt,Sondey Envitas,"France,Germany,Switzerland",2025-03-16,2.81
REC-495254,6484,Cachou,Lajaunie,France,2024-12-22,1.05
REC-489036,10106,Pépito pépites,"LU, Mondelez",France,2025-11-17,18.62
REC-925128,5609,Bledina mon premier boudoir,Unknown,France,2025-11-15,19.07
REC-559723,13477,Macedoine de legumes 320g,Unknown,"France, Belgique, Luxembourg",2025-08-18,6.74
REC-736521,12518,Biscuit quinoa cacao,Gerblé,"France,en:france",2025-04-15,24.14
REC-488195,11903,Galette Riz Chocolat Noir,Gerblé,France,2024-09-27,14.08
REC-136944,11205,Pâtes de fruits,Gerblé,France,2025-02-19,15.91
REC-658131,6086,"Bonne Maman - Mini Marble Cake Chocolat, 300g (10.6oz)",Bonne maman,Francia,2024-12-14,10.03
REC-195641,11606,15 Fourrés ronds chocolat 300G CROK - P'tits Prods,Chabrior,France,2025-05-12,3.22
REC-477705,7824,Pains au lait x10 - 350g,U,France,2024-11-10,13.06
REC-877616,8981,QUATRE-QUARTS,Ker Cadélac,France,2025-04-12,22.3
REC-262652,7060,"Ker Cadélac - Madeleines Maxi Chocolate chips, 600g (21.2oz)",Unknown,Francia,2024-11-18,6.7
REC-256300,13336,Pétales,Carrefour,"Belgique,France,Italie,Espagne",2026-01-29,3.82
REC-913748,13782,Authentique noir bio 100%,Moulin des Moines,France,2024-07-10,14.99
REC-440765,10116,Feigen Crackers,Le pain des fleurs,"Belgium,France,Netherlands,Switzerland",2024-10-02,18.22
REC-722425,14944,Classic,"Carrefour,Carrefour Sensation","France,Italy,Spain,Switzerland,ISRAEL",2024-07-21,20.95
REC-637715,8327,Le Petit Beurre,"Marque Repère,P'tit Déli","France,Suisse",2024-07-07,23.61
REC-183626,14133,Brioche tranchée nature,"Marque Repère, Epi d'Or",France,2025-04-28,6.19
REC-407949,14581,Brioche tranchée,"Marque Repère, Épi d'Or",France,2024-05-23,21.63
REC-466071,12730,Gom's,"Gom's, La pie qui chante",France,2024-05-20,2.78
REC-301004,13796,chocolat lait forte teneur cacao,Madagascar,France,2024-03-13,11.91
REC-613650,7142,Finest Selection Mandel Knusper Vielfalt,"merci,Storck","Österreich,Belgien,Bulgarien,Deutschland,Marokko,Rumänien,Schweden,Schweiz",2024-03-27,24.49
REC-676237,9441,Green Plantain Chips Salted,Unknown,"United Kingdom,Czech Republic",2024-10-04,13.42
REC-312129,9887,Barres Extra Kellogg's Choco Amandes - 4x32g,Kellogg's,"Belgium,France",2025-05-10,14.12
REC-817683,9838,Chocolat noir,Macao,Morocco,2025-08-09,11.05
REC-872039,6811,Bonbons Suisses aux plantes Menthol Sans sucres,Ricola,France,2025-04-06,1.62
REC-683264,13105,Milka - MMMAX - Noisettes Entières,"Milka, Mondelez","Bélgica,Francia,España,Tailandia",2024-05-05,6.2
REC-302299,11929,Ferrero rocher fines gaufrettes enrobees de chocolat au lait et noisettes avec noisette entiere pyramide de 28 pieces,Ferrero,"Francia,Alemania,Marruecos",2024-08-02,8.05
REC-372150,11789,Bonbons Tic Tac 100 pastilles menthe extra fraiche - 49g,"Ferrero, TIC TAC",France,2025-06-29,5.62
REC-975801,8497,Original,"Mondelez International,Oreo,Mondelez","Austria,Bélgica,Francia,Alemania,Países Bajos,Portugal,España",2025-04-28,2.94
REC-928383,6613,PANDORINO Cacao,Dulcesol,"France, en:morocco",2024-07-19,5.6
REC-925825,13659,Sandwich Sabor Yogurt con avena y frutos rojos,Gullón,España,2024-03-12,15.38
REC-538487,8265,kitkat,Unknown,"France, en:morocco",2024-07-23,20.73
REC-672633,5847,Hint Of Salt,"Nabisco-Triscuit, Triscuit","France,United States, World",2024-08-22,14.98
REC-756239,13079,Leader chips,Unknown,Morocco,2025-10-01,8.33
REC-201468,14892,Whole Grain Super Seeded Cracker,Nairn's,"France, en:united-kingdom",2026-01-05,18.26
REC-405699,11208,Chicles,Mentos,"France,Morocco",2025-06-25,3.65
REC-188836,10229,Wafers chocolate 0% azúcares,Florbú,"Chile, Spain, en:morocco",2024-07-04,20.54
REC-618463,13837,Tostada Petit,Gullón,"Switzerland, en:morocco",2025-08-13,13.51
REC-574499,14190,PRAWN CRACKERS,ASIA GREEN GARDEN,"Germany,United Kingdom",2025-09-18,23.04
REC-446034,14284,Prosport - barre cacahuètes 🥜et caramel salé,Eat Natural,en:fr,2024-05-12,7.18
REC-511807,12459,Les P'tits CURIEUX barres cookies choco noisettes,Bjorg,France,2024-06-13,23.71
REC-455222,10484,Encas équilibré,Gerlinéa,France,2026-02-02,23.22
REC-533248,12515,La madeleine cœur framboise,Bonne Maman,France,2025-12-05,13.01
REC-796087,7177,Lightly Salted Tortilla Chips,Everyday Essentials,United Kingdom,2025-10-19,5.09
REC-873749,13441,Galette moelleuse chocolat au lait,St Michel,France,2025-02-24,8.21
REC-981704,8021,Barre moelleuse Cranberries & Noisettes,Belvita,"France, en:belgium",2024-05-03,11.73
REC-191071,5479,Abbracci,"Barilla, Mulino Bianco","en:france, en:germany, en:italy, en:Italy",2024-05-10,2.71
REC-327209,6442,Noir 70% noisettes et amandes caramélisées,côte d'or,France,2025-02-15,23.51
REC-815047,6745,Savane Max Barr',Brossard,en:fr,2025-07-29,24.07
REC-238702,11191,McCoy's Ridge Cut - Salt & Malt Vinegar Flavour Potato Crisps,McCoy's,United Kingdom,2024-02-27,19.25
REC-155513,7499,Alpenmilch,Ritter Sport,Germany,2025-10-12,6.33
REC-411415,8156,Biscuit pavot goût passion,Bjorg,France,2025-01-12,3.83
REC-361998,11067,Parle-G gold 75g,Parle,en:India,2025-10-25,18.02
REC-438617,6967,Barritas de chocolate blanco,Hacendado,"Spain, en:portugal",2026-01-10,8.31
REC-996928,7996,Chocolate Negro 55%,Hacendado,"Marruecos,España",2025-09-11,7.32
REC-721694,14794,Snickers,Mars,United Kingdom,2025-09-24,17.99
REC-743959,7002,Gaufres au miel,Carrefour,"France, Italie, Espagne",2024-07-29,16.0
REC-972201,8408,Co-op Shortbread Fingers 380g,Coop,en:United Kingdom,2024-09-23,21.28
REC-496506,10963,Roasted And Salted Peanuts,Alesto,en:United Kingdom,2024-07-08,6.9
REC-475535,6431,Pop corn sucre de canne,Vico,France,2025-09-07,12.91
REC-493372,8826,Multigrain Crackers,Tesco,en:united-kingdom,2025-05-27,10.16
REC-961684,5886,Orange Dark Chocolate,Tesco Finest,United Kingdom,2024-12-15,2.01
REC-686191,6806,Mint Dark Chocolate,Tesco Finest,United Kingdom,2024-03-01,17.2
REC-460306,12728,Fruit & Fibre Bars Apple & Cinnamon,Unknown,en:United Kingdom,2024-12-01,20.44
REC-822607,9112,Dark Chocolate Corn Thins 4 x (130g),Unknown,"France, Spain, United Kingdom",2024-12-09,19.17
REC-302228,6517,All Butter Flapjacks,Marks & Spencer,"France, Royaume-Uni",2024-12-07,2.11
REC-937044,12099,Chocolate Chip,Clif Bar,"Australia,United States",2024-10-21,23.71
REC-254903,7069,Tablette de chocolat noir,Fin Carré,France,2025-10-15,2.27
REC-808321,12433,Popcorn süss,Snack Day,"France,Germany,en:en,en:germany",2024-11-23,20.71
REC-247138,10718,Coeurs pain d'épices chocolat noir,"Favorina,Aachener Zucker und Backwaren Paul Schaeffer,Lidl","Czech Republic,France,Germany,Italy,Luxembourg,Poland,Serbia",2024-04-27,9.52
REC-250995,10686,Caramel et biscuit,"Krüger,Ludwig Schokolade,Mister Choc","Denmark,Finland,France,Germany,Greece,Italy,Poland,Sweden",2025-05-08,22.02
REC-231322,6575,Avena digestive,Aurada,Spain,2024-09-07,14.93
REC-987210,14765,Dragibus,Haribo,"Belgique,France,Suisse",2025-10-29,1.59
REC-879118,11703,Surfizz Goûts Fruits,Lutti,France,2024-07-19,4.82
REC-414781,9649,Chips saveur barbecue,Unknown,France,2025-07-20,7.39
REC-541536,12438,"Gerble - Gluten and Lactose Free Madeleines, 200g (7.1oz)",Gerblé,France,2024-12-28,24.34
REC-113940,5068,Brownie à la Française Chocolat 🍫,St Michel,Francia,2024-07-17,13.42
REC-669510,9854,"Bonne Maman - Coconut Croquants, 150g (5.3oz)",Bonne maman,"Francia,Alemania",2025-09-22,23.57
REC-719430,7265,Lunettes myrtille,Bjorg,France,2025-05-06,21.34
REC-121626,12916,Fourrés duo cacao,Bjorg,France,2025-01-18,8.63
REC-643869,8398,Sablé amande saveur citron 200g BIO,Chabrior,France,2025-04-17,17.04
REC-749970,5317,Tablette dégustation chocolat noir 90% - 100g,"Ivoria, Les Créations Ivoria, Les creations",France,2025-08-01,23.2
REC-667097,6763,Formule Zen,Unknown,"France,La Réunion",2024-03-10,14.18
REC-914857,8338,Daco Bello Formule detente,Daco Bello,France,2025-08-25,11.27
REC-790494,13116,Les Sablés,Unknown,"Canada,France,Italie,Suisse",2024-11-23,13.89
REC-485273,6330,TUILES goût paprika,"CMI (Carrefour Marchandises Internationales), Carrefour, Groupe Carrefour","France, Italie, Espagne",2025-05-23,18.93
REC-156999,12187,Petit beurre 🧈Original,Unknown,"Belgium, France, Italy, Poland, Romania, Spain, en:morocco",2025-07-17,12.13
REC-168209,14384,Chocolat noir,Carrefour,"France,Maroc, Italie, Espagne",2025-09-13,20.96
REC-989599,11611,carottes râpées,"Marque Repère, Menu Fraîcheur",France,2024-07-28,17.81
REC-157816,6343,Déli Matin Pépites de chocolat,"Marque Repère, P'tit Déli",France,2024-06-22,21.0
REC-547082,5111,Biscuits tablette chocolat au lait,"Bio Village, Marque Repère",France,2025-08-04,17.26
REC-120009,12157,Tortillas nature,"Jardin Bio, Jardin biologique",France,2024-02-06,15.92
REC-511376,7896,Werther's Original,Storck,"Denmark, Finland, France, Norway, Poland, Spain, Sweden, en:united-kingdom",2026-01-13,9.54
REC-721665,8220,Furrows Sea Salt & Vinegar,Tyrrell’s,"Frankreich,Vereinigtes Königreich,Deutschland",2025-04-09,20.26
REC-632783,10363,Sea salt,popchips,"France, United Kingdom",2024-09-02,20.63
REC-562355,8788,7Days Bake Rolls Pizza 80g,7 Days,"Румъния,България",2024-04-10,17.52
REC-430013,9722,LOTUS BISCOFF Speculoos Original - 375g (3x125g),"Biscoff,Lotus","Francia,España,Suiza",2026-01-03,5.62
REC-447694,12129,Kitkat,Unknown,"France,Royaume-Uni",2025-04-21,15.78
REC-807074,12989,Netsle Chocolat noir 100% cacao,Nestlé,"Marruecos,España",2025-03-21,23.56
REC-704083,13572,Pépito chocolat au lait,"Lu, Mondelez, Pépito","France,Suisse",2024-05-19,11.03
REC-798949,8256,Noir Pistaches Caramélisées,Côte d'Or,"Belgique,France,Pays-Bas",2025-02-01,24.1
REC-553265,7504,Colazione più con 5 cereali,Kinder,"France,Italy,Switzerland",2025-12-27,10.14
REC-185851,5067,Lay's Potato Chips,Lay's,"India,United States,Canada",2024-03-22,21.81
REC-752993,11735,hula hoops bbq,KP Snacks,"Ireland, en:united-kingdom",2025-02-14,3.74
REC-986891,5790,Pain d'épices au miel,Carrefour,"France, en:morocco",2025-01-13,20.89
REC-486665,7988,grenode salted peanut Protein Bar,Grenade,"Belgien, Frankreich, Vereinigtes Königreich, Germany",2025-10-04,4.28
REC-970738,5431,Oaties,Tower Gate,"France,United Kingdom",2025-03-03,8.68
REC-615411,14006,Sweet & Salty Popcorn,Butterkist,United Kingdom,2025-07-21,1.64
REC-507905,6466,Rough Oatcakes,Unknown,"France,United Kingdom",2024-08-08,10.29
REC-215755,6706,Speculoos,Sondey,Nederland,2024-06-08,24.68
REC-913871,5740,Dry Roasted Lightly Salted Peanuts,PLANTERS,"Spain,United States",2024-12-15,19.15
REC-600785,12959,Rich Tea,Belmont Biscuits,"Ireland,United Kingdom",2024-07-02,16.14
REC-188902,5940,Organic Sea Salt Multigrain Tortilla Chips,Unknown,"en:United States,en:United States, World",2024-08-22,19.48
REC-290106,14654,Knoppers,Storck,en:fr,2024-09-23,19.79
REC-713073,12678,Tartines Craquantes Sarrasin,"Jardin bio, Léa Nature Jardin Bio",France,2024-11-19,4.97
REC-921661,7645,Mamia Strawberry and Apple Oaty Bars,Aldi,en:gb,2024-03-17,3.87
REC-952041,6128,Galaxy Minstrels Pouch Bag,Mars,United Kingdom,2024-12-19,22.71
REC-880944,11162,Mint,Aldi,"Ireland, en:united-kingdom",2025-05-08,15.46
REC-205848,12416,8 Meringue Nests,Tesco Finest,en:United Kingdom,2024-12-31,18.45
REC-246073,7229,Donuts,Sondey,"France,Royaume-Uni",2024-06-22,4.11
REC-641406,8425,Napolitain l'original,LU,en:fr,2024-10-23,14.24
REC-998524,11543,Olive & rosemary ovali italian cracker crisps,Crosta & Mollica,en:gb,2025-08-10,4.21
REC-908164,8023,Salted peanuts,"Sainsburys, Stamford Street Co",en:gb,2026-01-15,12.38
REC-527294,14181,Pringles paprika 175 gr,Pringles,Italy,2025-02-10,18.77
REC-448274,11211,Eucalyptus,Ricola,France,2025-02-11,19.83
REC-618421,10071,Brets saveur Pili Pili,Unknown,France,2025-09-09,7.21
REC-282857,13320,Krackwheat,Jacob's,en:United Kingdom,2024-02-06,23.24
REC-874480,11166,"VEGETABLES* Carottes, betteraves, patates douces, panais",Carrefour,"France,Espagne",2024-05-29,14.23
REC-931323,5019,Bbq PopChips,popchips,United Kingdom,2024-04-27,13.8
REC-794137,13235,Parle-G,"Parle, Britannia","United States,India",2024-06-23,18.64
REC-468585,6950,Chips nature,"Lay's, Lays",France,2025-05-20,21.58
REC-710619,7309,Cookies Classique Noisette,Delacre,"Belgium, France, en:italy",2025-09-08,4.83
REC-245365,9662,Taste the Difference Brioche Burger Bun,Sainsbury's,en:gb,2025-09-08,2.08
REC-904550,7153,Tartines craquantes noisette imp,Le Pain des Fleurs,France,2025-10-29,14.94
REC-165913,8331,NAKD PROTEIN - Caramel - | Barres protéinées | 7g de protéines végétales | 100% d'ingrédients naturels | Sans sucres ajoutés | 3 x 45g | 135g,Nakd,"United Kingdom,Netherlands, France",2025-09-03,13.31
REC-461493,5977,Grün-Ohr Hase vegan,Katjes,"Germany, en:austria",2026-01-11,13.28
REC-684418,11834,Digestive,Tesco,"Germany,United Kingdom",2024-05-26,17.54
REC-770021,6050,M&M’s Crispy,M&M'S,"France,Netherlands",2025-12-30,17.68
REC-733355,12789,Crushed Sea Salt & Black Peppercorn Crisps,"Walkers, Sensations",en:United Kingdom,2024-04-27,10.6
REC-833932,9364,Barre Cacahuètes Caramel Chocolat,Unknown,fr,2024-02-17,15.64
REC-689052,7623,Hot Kickin' Sour Cream Flavour,Pringles,"Germany, United Kingdom, en:morocco",2025-01-27,7.7
REC-737554,6712,Salted Lentil Chips,Unknown,en:United Kingdom,2024-12-31,17.82
REC-132519,9486,Eat Natural Dark Chocolate With Cranberries And Macadam,Eat Natural,United Kingdom,2026-01-03,13.95
REC-880562,7080,Percy pig,Marks & Spencer,"Germany,United Kingdom",2024-07-01,14.83
REC-382215,10434,Raisins,Unknown,United States,2025-12-10,18.61
REC-235620,12129,No Added Sugar Smooth Dark Chocolate,Sainsbury's,"France, United Kingdom",2025-08-04,15.16
REC-753199,12825,Botersprits,Sondey,"Frankreich, Germany",2025-07-29,24.35
REC-477150,12037,Stollen with Marzipan,"Favorina, Lidl","Belgium,France,Spain",2025-11-14,6.76
REC-121367,6191,Snack Gurken,"Max & Lena, MyCubies","Frankreich,Deutschland,Schweiz",2024-11-10,11.15
REC-300247,5701,Saveur Sour Cream & Onion,Unknown,"France,Espagne",2024-06-15,7.56
REC-224179,5852,Mini Gâches,Unknown,France,2025-11-10,18.01
REC-407150,10888,BIO tortitas chips maiz,Unknown,"Francia,España",2025-01-11,12.52
REC-522316,13035,Bio crackers,"Grafschafter,Lidl,Maitre Jean Pierre,Tastino","República Checa,Francia,España",2025-12-07,24.71
REC-523674,13062,madeleines coquilles,Tante Odile,France,2024-10-13,23.2
REC-762440,12750,Granola Gros éclats de Chocolat,"Granola, Kraft Foods, LU, Mondelez, Unilever","France,Martinique",2025-02-16,20.5
REC-327006,5636,"Petit Déj, Céréales et chocolat",Gerblé,France,2025-11-09,16.3
REC-175902,5418,Sablés Framboise Rooibos,Gerblé,France,2024-10-27,1.68
REC-882686,5061,Sablissime chocolat au lait,Bjorg,France,2024-07-23,14.63
REC-597706,9077,Speculoos,Unknown,"France, Guadeloupe, Italy, Spain, en:morocco",2024-12-02,18.18
REC-685903,8681,Petits boudoirs - Biscuit aux nourrissons,"Babybio, Vitagermine",France,2024-12-14,8.95
REC-769923,11560,Barres céréales Goût Chocolat au lait - Banane,"Carrefour, Produits Blancs","France,Maroc, Italie, Espagne",2024-02-11,6.31
REC-902446,11282,Chocolate 52% especial postres,Unknown,"France,Italie,Espagne",2024-07-22,24.93
REC-879088,11280,La galette bretonne pur beurre,"Marque Repère, P'tit Déli",France,2025-05-31,20.2
REC-334114,14276,Cacahuètes - Grillées & Salées,"Marque Repère, Tokapi",France,2025-01-28,17.34
REC-379510,8366,Madeleines aux oeufs frais,"Marque Repère,P'tit Déli",France,2024-08-31,20.57
REC-882102,12717,Barres céréales Fraise,"Bio Village, Marque Repère",France,2026-01-02,17.01
REC-445782,14560,Pain épice au miel,"Bio Village,Marque Repère","France,La Réunion",2024-07-09,14.93
REC-456394,14303,Бисквити Кафе,Sweet plus,"Bulgaria, Morocco, en:france",2025-09-08,20.92
REC-181359,13011,Lindt Lindor Melkesjokolade Stick,Lindt & Sprüngli,"Australien,Österreich,Frankreich,Marokko,Neuseeland,Schweiz,Vereinigtes Königreich",2024-03-05,19.41
REC-241264,5405,Chipsfrisch gesalzen,funny frisch,"Francia,Alemania,España",2024-04-01,7.49
REC-642279,11345,Butterkeks 30% weniger Zucker,Leibniz,"Austria,Germany",2025-01-03,15.78
REC-100353,10141,Choco Leibniz,"Leibniz,Bahlsen","Bélgica,Alemania,Italia,España,Reino Unido",2025-10-10,5.59
REC-115315,11500,BEEF JERKY ORIGINAL,JACK LINK'S,"Belgium,France,Switzerland,United Kingdom",2025-07-14,16.42
REC-928209,12001,Balisto yoberry,Balisto,"Österreich,Belgien,Frankreich,Deutschland",2024-09-14,14.31
REC-997199,12845,Peanut Pouch,Unknown,"France,en:gb,",2024-12-10,6.92
REC-736145,9785,Pastilles menthol-eucalyptus,Fisherman's Friend,France,2025-01-02,12.43
REC-909271,8611,Kettle Chips L / Salt 40g,Kettle,"France, Spain, en:united-kingdom",2025-09-17,23.72
REC-737379,13846,Eat Real Hummus Chips Tomato & Basil Flavour 45g,Eat Real,"Czech Republic, France, United Kingdom, en:morocco",2025-10-14,22.36
REC-989411,14672,Limited Edition Black Truffle & Sea Salt,Tyrrell's,"France,United Kingdom",2025-07-03,16.11
REC-384250,8700,Berry Delight,nákd,"Czech Republic,France,Netherlands,UK",2025-03-24,11.38
REC-521919,10674,Sesame Snaps,Sesame Snaps,"France,United Kingdom,en:united-kingdom",2024-11-20,8.73
REC-957100,12896,M&M's Peanut,M&M's,"Belgium, Poland, Romania, en:hungary",2025-01-12,22.96
REC-638980,8777,Barni ciocolata,Moldiez,"France, Romania, en:bulgaria",2024-12-08,23.11
REC-968085,14371,Classic Collection Chocolate Bars,Green & Blacks,"France, United States, en:united-kingdom",2024-03-06,16.75
REC-668865,10360,Petit moelleux,LU,"France,en:Belgique",2024-06-01,16.92
REC-744549,5976,Cote d'or noir truffé,cote d\'or,"Belgique,France",2024-12-29,15.2
REC-425220,7567,Raffaello gaufrettes enrobées de noix de coco fourrées cube x30- 300g,"Confetteria raffaello, Ferrero","Frankreich,Schweiz",2024-12-28,21.52
REC-332734,8122,Mulino bianco abbracci biscuits au cacao et a la creme 350g,Mulino Bianco,"Belgium, France, Germany, Italy, en:united-kingdom",2025-10-25,20.88
REC-361159,9772,Galleta María Ligera Sin Sal y Sin Azúcares Añadidos,Gullón,"Francia,España",2025-06-18,16.6
REC-412049,8134,Galletas mini caritas con crema de cacao,Unknown,España,2026-01-30,17.06
REC-709917,5716,Protein Bar,Nutrend,"France, en:italy",2025-03-21,6.61
REC-860374,6360,Chocolate Chip Soft & Chewy Granola Bar,Kirkland Signature,"United States, en:united-kingdom",2025-08-23,17.18
REC-999038,6740,Choco noisette,Noiseraie,France,2025-11-03,10.28
REC-555450,10633,Strawberry lunchbox loaves,Soreen,"United Kingdom,United States",2025-10-13,11.93
REC-480642,14880,Protein Arachidi & Cioccolato,"General Mills,Nature Valley",Espagne,2025-11-21,11.53
REC-486275,10855,Galleta Choco Negro,Hacendado,"Portugal,España",2024-03-08,3.79
REC-281382,13051,Sesame Snaps® 4 x,Sesame Snaps,"United Kingdom,en:united-kingdom",2025-02-11,15.44
REC-282934,5125,popcorn,Snack day,"България,Румъния",2025-08-24,6.86
REC-845560,7454,hanuta Riegel,"Ferrero, Hanuta","Bulgaria, Germany, en:morocco",2025-02-19,9.14
REC-670645,5190,Jengibre,Hacendado,España,2024-04-30,4.68
REC-388577,13112,Grain Free Tortilla Chips,Siete,"France, World, en:united-states",2024-04-23,15.58
REC-543669,6893,Hula Hoops Original,"Hula Hoops, KP Snacks",en:gb,2024-11-09,24.45
REC-666258,5509,"Galactic Brownies With Chocolate Candies, Chocolate Candies",Mr. Brownie,"Frankreich, Spanien, Welt, Germany",2026-01-27,22.36
REC-492857,7396,Ridge Cut Flame Grilled Steak,McCoy's,en:gb,2024-08-21,18.17
REC-592930,8252,Lightly Salted Hand Cooked Crinkle Cut Crisis,aldi,en:gb,2025-01-10,16.41
REC-800842,9071,Sea Salted Crisps,Asda,en:gb,2025-06-30,1.33
REC-321199,5039,Baked squeezed pretzels with tomatoes and herbs,Elephant,"France, Germany, Hungary, en:morocco",2025-06-01,21.8
REC-126461,14406,Multigrain Bites,Snaktastic,en:gb,2024-10-24,19.42
REC-412141,13151,Wasa delicate crisp rosemary 190g we,Wasa,"Belgique,France",2024-11-16,11.49
REC-143872,10856,Gifflar Vanilla,Pågen AB,"France, Sweden, United Kingdom, en:germany",2025-10-07,23.08
REC-678709,11965,Taste the Difference Sea Salt & Suffolk Cider Vinegar Potato Crisps,Sainsbury's,en:United Kingdom,2025-10-28,6.09
REC-145995,12011,Cream crackers,M&S,en:fr,2025-05-18,19.11
REC-991264,10838,Dark 85% cacao,Nestlé,"Spain, en:morocco",2025-11-27,3.12
REC-436554,9919,Barres de céréales Fruits Rouges,Grainéa,France,2024-10-05,3.61
REC-996544,13375,Goûters BN au chocolat,BN,France,2024-05-06,14.07
REC-783197,13818,Protein Flapjacks: Smooth Lemon,Trek,"United Kingdom,Ireland",2025-10-10,11.7
REC-587460,7348,Peanut Snaps,PEANUT SNAPS,en:fr,2025-04-21,20.29
REC-111609,5943,Nachos,"Snack Day,Lidl",España,2024-11-04,12.45
REC-448171,8938,Delight Bar Cocoa Orange,Alesto,"Austria,Bulgaria,Hungary,Romania",2024-05-27,15.52
REC-905940,13142,Ricola douceur de miel,Unknown,"Brazil  en:france, en:france",2025-07-14,24.46
REC-470578,8436,Parmesan & Garlic Twists,Tesco,en:gb,2024-08-05,6.08
REC-458197,7226,Doritos flamin hot,Doritos,en:ma,2024-08-18,9.4
REC-784321,13023,NAKD Cacahuète Chocolish - 120g (4x1p),Nakd,"en:be, France",2024-05-07,21.95
REC-365158,11522,Maple Pecan Almond,Kind,en:gb,2025-12-20,9.62
REC-214249,10522,Pico-Balla,Haribo,Deutschland,2025-01-21,24.44
REC-989140,5646,Baked - 6 Pack,Walkers,United Kingdom,2024-05-20,17.79
REC-535776,7931,Milka,Milka,en:ma,2024-09-03,1.31
REC-805703,7375,Chipsfrisch Oriental,Funny-Frisch,Germany,2025-06-25,22.49
REC-908216,8695,Tobigo crousty,Unknown,en:ma,2024-05-08,23.92
REC-634019,7241,Organic Garden Crisp Veggie cracker,"innofoods organic/biologique, Inno Foods","Canada, World, en:united-kingdom",2025-06-16,24.51
REC-217723,10807,Chocolate negro 55% cacao con almendras,Hacendado,"Marruecos,España",2024-11-04,12.06
REC-277449,6397,Nestlé Kitkat Cereal,nestle,Morocco,2025-10-21,3.71
REC-419791,11740,celebrations,Celebrations,"United Kingdom, en:france",2024-04-17,9.64
REC-171743,11624,Mini Cheese Crackers,Organix,en:United Kingdom,2024-07-25,18.12
REC-570067,11721,Brunch Choc Chip,Cadbury,"Switzerland,United Kingdom",2025-04-01,4.28
REC-843900,7961,Tartines crac form,Gerblé,France,2026-01-22,8.77
REC-395126,13073,Shortbread Fingers,Walker's,"Germany,Italy,Switzerland,United States,New Zealand",2024-05-31,22.74
REC-662685,12107,Lightly Salted Crispy Baked Veggie Snacks,Harvest Snaps,"United States, World",2024-03-31,20.85
REC-284912,9354,Muesli Bar Cranberry,Crownfield,"en:france,en:germany,en:switzerland,en:Belgium",2025-08-12,13.82
REC-621713,9414,Fior di Integrale,Realforno,italia,2025-06-06,23.6
REC-746426,5127,Petit beurre,Tastino,France,2025-10-17,19.39
REC-173059,10918,Weisse Kokos & Flakes,"Bellarom, Fin Carré, Lidl","France,Germany,United States",2024-12-21,15.13
REC-396285,7768,Envitas Cacao,Sondey,"Frankreich, en:ch",2024-12-02,3.46
REC-285949,5853,Waffle Rolls with vanilla flavour filling,"Tastino,Lidl",República Checa,2026-01-23,2.5
REC-298711,11802,Halloween popcorn sweet,"Lidl, McEnnedy","Frankreich, Germany",2024-03-15,23.81
REC-877903,7732,Bonbons menthe et saveur eucalyptus,Feel Free,France,2025-10-10,5.42
REC-157093,12802,Pépito Mini Roulés Chocolat,"LU, Pépito",France,2024-11-06,13.44
REC-988028,11786,Mikado chocolat noir,"Glico, LU, Mikado, Mondelez","Belgique,France,Suisse",2024-03-27,11.08
REC-459068,10824,Clafoutis aux cerises,"La Laitière, Nestlé",France,2025-03-25,19.66
REC-501105,10500,Lulu l ourson,LU,France,2025-01-30,10.42
REC-387063,7982,Tronches de cake - Moelleux Chocolat,St Michel,France,2024-08-24,5.05
REC-338073,13445,Barres de céréales à la figue x6,Chabrior,France,2024-10-10,19.38
REC-210575,11001,Monster Munch goût ketchup,"Intersnack, Vico","België,Frankrijk",2024-07-25,12.36
REC-393812,10296,Curly Cacahuète l'Original - Format Party 230 g,Vico,France,2025-05-16,22.88
REC-314581,13038,Gâche tranchée pur beurre 450g,"U, U Saveurs",France,2025-01-17,4.54
REC-533494,5855,Tartines craquantes bio au maïs,Le pain des fleurs,France,2024-07-09,9.18
REC-145627,11864,SABLES NOIX DE COCO ET CITRON,"Jardin bio, Léa Nature",France,2025-11-20,19.67
REC-138210,6638,Chips Brets la craquante,Brets,France,2025-05-12,15.04
REC-951202,9236,Cookie avell choc,Carrefour,"France, en:italy, en:spain",2025-09-29,23.77
REC-184422,13794,Grissini Sésame et Huile d'olive 7%,Unknown,"France, Roumanie",2025-05-10,7.21
REC-219707,5948,6 petits chinois,La Fournée dorée,France,2025-09-02,2.0
REC-430473,7070,Noir Pérou éclats de menthe,Alter Eco,France,2025-05-06,2.77
REC-138738,13035,Biscuits petit épeautre sésame,Biocoop,"France,Suisse",2025-08-12,23.98
REC-477296,5834,Sablés apéritif cantal aop et pointe de noix de muscade,Michel et Augustin,France,2024-05-20,1.26
REC-602146,12407,Chipsfrisch Oriental,funny-frisch,Germany,2024-10-19,7.98
REC-738296,14481,Gewürz-Spekulatius,Unknown,en:Germany,2024-11-10,13.89
REC-499799,5269,Duplo Riegel 10er-Pack,Ferrero,"Frankreich,Deutschland,Schweiz",2024-08-30,19.62
REC-652939,11997,Kinder Country,Unknown,"Österreich,Frankreich,Deutschland,Rumänien,Schweiz",2025-05-24,17.98
REC-240164,13307,Cheddar Twists,Waitrose,United Kingdom,2025-11-18,17.47
REC-392815,11000,Twirl,Cadbury,"France,United Kingdom,United States",2025-08-30,22.57
REC-276178,9475,Sensations Roasted Chicken & Thyme Flavour Potato Crisps,Walkers,"France,United Kingdom",2025-04-02,19.72
REC-824951,8040,Raspberry flavour jelly,Hartley's,"Frankreich, Vereinigtes Königreich, Germany",2025-06-04,12.55
REC-591998,6525,Pringles Potatoes chips Ketchup,Pringles,"France, en:morocco",2024-12-19,15.64
REC-247248,7143,Delicious Crunchy Corn,Love Corn,"France, en:united-kingdom",2024-03-26,4.88
REC-792275,7068,Tuc Paprika,"Mondelez International, Tuc","Франция,Украйна,България",2024-12-25,14.24
REC-660223,13339,Peppermint frisk,Frisk,"Belgium, France, en:italy",2025-01-21,1.54
REC-220421,7675,Brino,"Bifa, fzf 30da","Algérie,en:algeria",2025-04-25,22.77
REC-788592,14849,Noir aux Pépites de Café,Villars,"France,Switzerland",2025-11-28,7.09
REC-517407,5532,FLUTES SESAME 125G - KAMBLY - 125g,Kambly,France,2024-06-17,18.58
REC-994422,5573,NESTLE DESSERT Praliné,Unknown,France,2025-04-11,22.97
REC-460066,7398,Petit brun extra,"Mondelez, Mondelez International","France,Martinique,La Réunion, en:new-caledonia",2025-07-21,16.32
REC-216006,13706,Assortiment Lindor,"Lindt, Lindt & Sprüngli",France,2025-04-02,13.85
REC-166251,14433,Ottimini Integrali,"Divella, Fantasie del Mattino, Ottimini","Bolivia,Francia,Italia",2025-01-14,13.65
REC-541805,5134,Pop Corn Doux,Unknown,"Belgien, Frankreich, Germany",2025-04-17,5.19
REC-465416,14021,Lays 20rs,"PepsiCo,Lay's",Inde,2025-10-14,6.98
REC-487835,11597,85% cacao noir tanzanie,"Carrefour, Carrefour Selection","France,Italie,Espagne",2024-10-31,12.16
REC-867336,6131,Organic Roasted Seaweed Snack,Kirkland Signature,"France, en:united-states",2025-11-01,11.07
REC-317372,14172,Extra barre kellogg's,Kellogg's,France,2025-03-04,19.31
REC-708196,7002,Financiers aux amandes Bio,Sondey,France,2025-04-12,23.55
REC-408045,13999,Palomitas saladas,Snack day,"Spanien, Germany",2025-08-12,22.68
REC-702831,14480,salt chips,Snack Day,"European Union,Romania",2025-10-12,16.85
REC-554812,6814,Chocolate Salted Caramel Flavour Vitamin & Protein Bar,Fulfil,"Spanien, Vereinigtes Königreich, Germany",2025-08-15,22.7
REC-763961,14136,Intenso 80% noir,Trapa,"Spain, en:morocco",2024-10-22,18.3
REC-729724,10659,Salt & Malt Vinegar Crisps,McCoy's,United Kingdom,2025-06-21,9.77
REC-758474,14045,Magretti,Galbusera,en:Italy,2024-02-09,1.74
REC-695786,5697,750G TIRLIBIBI BOX HARIBO,Haribo,France,2024-12-09,13.09
REC-477809,14274,Fibra 75% trigo,Unknown,España,2025-08-24,19.35
REC-412522,8736,Schär Curvies BBQ,Schar,"Spain, United Kingdom, en:morocco",2025-06-27,9.19
REC-161920,10904,Kumato,Trader Joe's,"Jersey, en:united-kingdom",2025-11-18,5.38
REC-779176,6456,Chocolat Noir 85%,"U, U Bio",France,2024-05-07,5.5
REC-454097,11870,Saltletts Pausen Cracker,Lorenz,Deutschland,2025-03-18,18.73
REC-980366,12570,Sablés céréales graines chia et lin,Bisson,France,2024-02-27,10.24
REC-269782,8183,Finn Crisp Snacks,"Finn Crisp,Landmännen","Germany,Italy,United Kingdom",2024-08-22,15.28
REC-964890,9642,Schoko Reiswaffeln Zartbitter,"Alnatura, Alnatura GmbH, Alnatura Bio","Frankreich,Deutschland,Schweiz,Welt",2025-10-27,6.95
REC-223639,12649,Edel Bitter 100%   cacao nibs,VIVANI,"Frankreich,Deutschland,Schweiz",2025-05-18,4.45
REC-400054,13052,Mature cheddar & red onion hand cooked crisps,Dettol,en:gb,2025-12-27,18.62
REC-163281,13063,Gâche tranchrée bio,la fournée dorée,France,2025-04-05,14.26
REC-891050,6111,Barquillos Avellana,Hacendado,"Portugal,Spain",2026-01-19,6.72
REC-303621,14397,Schiaccianoci,"Mulino Bianco, barilla, mulino bianco",Italia,2025-06-17,5.78
REC-880363,11730,XXL Erdnüsse,Alesto,"Франция,Германия,Швеция,Обединено кралство Великобритания и Северна Ирландия,България",2025-08-18,14.28
REC-458123,9366,Mini fourrés cœur chocolat,Unknown,"France, en:be",2024-07-17,19.83
REC-540614,5620,Chocolate Negro,"fin CARRÉ,Lidl","Bulgaria,Croacia,Portugal,Eslovaquia,España",2025-05-02,22.99
REC-659085,10195,Chocolat noir 70% Cacao Sel rose de l'Himalaya,Lindt,France,2024-03-23,16.54
REC-885652,6890,La Madeleine coeur myrtille,Bonne Maman,France,2024-12-31,24.78
REC-179889,13249,Madeleines moelleuses,St Michel,France,2025-12-23,6.15
REC-577925,7238,Pain lait bio* far complet x8 280g,Bien,France,2026-01-22,17.88
REC-229696,11481,Mini Breadsticks,Tesco,en:United Kingdom,2024-07-21,22.33
REC-411404,14652,Barre protein graines & fruits rouges,"Carrefour, CarrefourCarrefour Sensation","France,Italie,Espagne",2025-09-20,2.57
REC-744427,9260,Settembrini mb 300g,"Barilla, Mulino Bianco","Italy, en:france",2025-01-02,17.46
REC-132478,11975,Flash,Unknown,en:ma,2024-03-17,13.34
REC-685006,11334,Noir,Unknown,"France, Italie, Espagne",2025-11-28,11.29
REC-635067,14627,Filipinos Chocolate Blanco,"Artiach,Filipinos","Finlandia,Francia,Marruecos,España",2025-11-22,4.45
REC-385425,11014,High Protein Cookie,Lidl,"France, Switzerland, en:italy",2025-12-04,13.31
REC-141497,13573,Madeleines Vanille Sorties du Four,Le Ster,en:fr,2024-12-18,4.38
REC-754925,8813,Savane max de sensations,Brossard,France,2024-09-14,16.76
REC-633137,5262,Crackers,Ritz Crackers,France,2024-04-01,10.19
REC-136094,14252,Lightly Salted Rice Crackers,Asia Specialities,"United Kingdom,Ireland",2025-10-10,20.97
REC-705087,11327,Fornula,Unknown,en:morocco,2025-01-08,4.08
REC-133355,11290,"Hazelnut, Pecan & Maple Oat Bar",deliciously ella,en:gb,2024-12-21,6.79
REC-546449,5548,Salt and peppers cashews,Alesto,en:gb,2025-09-21,16.6
REC-723263,12478,M&M's,"M&M's,Mars inc",France,2025-08-12,2.16
REC-709572,9141,3X100G MAITRE CHOCOLATIER LAIT,Lindt,France,2024-10-05,13.09
REC-331239,6608,Vollmilchschokolade Erdnüsse,Choco Moment,France,2025-10-31,11.69
REC-151913,12567,Barre lait et céréales,"Lidl, Mister Choc","Germany, en:france",2025-05-02,15.1
REC-961804,7275,Fourrés cacao,Biocoop,France,2025-02-24,8.38
REC-686523,6610,Roasted Almond Trail Mix Bar,Deliciously Ella,United Kingdom,2025-02-01,18.69
REC-866328,6942,Choco sensations,Milka,France,2025-12-27,12.97
REC-639206,6328,Flips Géant peanut,MCENNEDY American Way,"Румъния,Обединено кралство Великобритания и Северна Ирландия,България",2024-08-21,5.12
REC-435783,10459,Wafer,Sondey,"Bulgaria, en:romania",2025-06-18,22.39
REC-705069,13777,Sergio,Excelo,en:Morocco,2025-03-18,8.34
REC-605683,7525,lays,Lay's,en:Morocco,2024-06-12,1.74
REC-569045,12189,Extra dark chocolate created for bakers,Dr. Oetker,en:United Kingdom,2024-08-06,7.59
REC-771999,14873,"Fruit & Fibre Bars, Strawberry & Raspberry",Nākd,en:United Kingdom,2024-07-21,9.05
REC-106290,12528,NESTLÉ DESSERT 80% Puissant 170g,"Nestlé, Dessert",France,2024-07-20,15.13
REC-913871,5585,Almond & Apricot Fruit & Nut Bars,Eat Natural,United Kingdom,2025-07-01,21.59
REC-133783,9822,Nooco,nooco,Maroc,2024-04-24,19.22
REC-698092,6442,Oatcakes,Simply M&S,"France,United Kingdom,en:united-kingdom",2025-12-16,21.83
REC-218515,14265,Harina preparada completamente para hacer Hot Cakes,Krusteaz,"Estados Unidos,México",2025-08-22,10.59
REC-173592,7339,CRUNCHY PEANUT BUTTER,CLIF BAR,"Australia,United States",2026-01-02,8.98
REC-289718,9508,Knackebrod Rag,Ikea,"France, Germany, Netherlands, en:united-kingdom",2024-12-14,21.12
REC-638305,12437,Ginger Nuts,Tower Gate,"France,United Kingdom",2025-11-25,21.79
REC-632474,8131,Muesli Bars Chocolate & Banana,"Crownfield, Lidl","Bulgaria,Denmark,France,Germany,Poland,United Kingdom",2024-04-04,19.35
REC-757695,9163,Petit Beurre Tablette Chocolat au lait,Sondey,"France,Switzerland",2025-10-25,14.74
REC-203989,13328,Fior Di Panna,Italiamo,"France,Espagne",2024-03-19,11.64
REC-846401,9233,Tastino Biscuiti Petit beurre,Tastino,"Hungary,Romania",2024-03-01,11.13
REC-412119,5972,Carré Lait-Noisette,Sondey,France,2024-04-17,4.27
REC-788245,9932,Brioche Zopf,"Maître Jean Pierre, Maître Jean-Pierre","Francia,Germania",2024-05-05,11.94
REC-780143,9411,Bio Hafer Cookies,Sondey,"en:germany, en:Germany, en:France",2025-12-12,16.1
REC-488677,9073,Scottish black pepper oatcakes,Lidl,France,2024-07-08,9.81
REC-658763,10868,Barres Amandes et Noix de coco,"Crownfield, Lidl",France,2025-07-25,10.58
REC-832545,9749,Lulu La Barquette Framboise,"Lu,Mondelez","France,Suisse",2025-06-07,12.72
REC-500367,11128,Miniroulés l'Original aux Fraises,LU,France,2025-11-11,12.38
REC-399226,8707,SAVAROISES CHOCOLAT,St Michel,France,2025-03-14,7.52
REC-727554,6019,GALAK Chocolat Blanc,"Nestlé, Galak",France,2024-08-13,10.48
REC-860064,11656,Lindt Chocolat au lait praliné noisettes,"Lindt, Lindt & Sprüngli","Algérie,France",2024-02-09,24.44
REC-376267,6562,Creation lait caramel,Lindt,"France,La Réunion",2024-09-24,4.12
REC-392310,11708,Macédoine 4/4,Bonduelle,"France, Belgique",2024-04-04,8.84
REC-489978,10379,Dragibus haribo,Haribo,"France, Switzerland, en:morocco",2025-07-31,5.15
REC-571445,14246,Kellogg's Barres Frosties 6x25g,Kellogg's,France,2025-11-03,20.26
REC-788490,14747,Bénénuts Cacahuètes grillées & salées,"Bénénuts, Pepsico France",France,2024-02-27,7.27
REC-421827,11444,Noix de pécan sirop d'érable,Gerblé,"France,Polynésie française,Suisse,en:france",2024-05-16,5.62
REC-217328,9093,Barre figue Gerblé,"Gerblé, Nutrition et Santé S.A.S., Sport & Énergie",France,2025-05-12,18.17
REC-264954,10285,palmier,st michel,"France, United States, en:morocco",2025-02-27,2.51
REC-547711,9823,Pâtes de fruits,Gayelord Hauser,Frankreich,2025-05-22,9.0
REC-278338,10919,Le Sablé,Bjorg,France,2024-05-07,15.18
REC-134472,12963,Brioche vendéenne Igp,"Carrefour, Reflets de France","France, Italie, Espagne",2024-04-07,7.11
REC-972898,12330,Palets Bretons Pur Beurre 125g,Chabrior,France,2025-04-10,14.97
REC-549552,6600,Pistache grillée à sec sachet de 150g,U,France,2025-11-26,14.81
REC-628590,7311,Tablette petit beurre au chocolat noir bio paquet de 150g,"U, U Bio",France,2025-01-08,7.51
REC-159086,11086,Cookies aux pépites de chocolat & noisettes,Carrefour,"Belgium,France,Italy,Morocco,Poland,Romania,Spain",2025-05-22,23.36
REC-465050,11272,Sable enrobe,Henry's,"France,Maroc",2024-05-12,12.73
REC-864263,8297,Tartines craquantes bio à la châtaigne sans gluten,"Ekibio, Le Pain des fleurs",France,2025-05-13,6.27
REC-517078,10900,Biscuits gourmands Sésame Vanille,"Karéléa, Léa Nature","France,Suisse",2024-06-01,7.08
REC-939275,9142,Chips saveur côte de boeuf grillée,Brets,France,2024-04-29,24.12
REC-811239,9284,Fleur de sel noir,"Carrefour,Sélection","France,French Polynesia,Italy,Kenya,Spain",2026-01-26,12.83
REC-161146,14173,Lait noisettes entieres,Carrefour,France,2024-07-15,7.5
REC-849517,14123,Cookie nougatine choco,"Marque Repère, P'tit Déli","France,Réunion",2024-04-01,18.58
REC-841623,5749,Salade carottes rapées,"Marque Repère, Menu Fraîcheur, Pause Fraîcheur",France,2025-11-19,5.36
REC-111595,13373,Galette pur beurre,"Bio Village, Marque Repère",France,2025-03-30,21.86
REC-158217,13098,Brioche vendéenne IGP,Nos Régions Ont du Talent,France,2024-05-24,2.02
REC-432711,14046,La Gâche,La Fournée Dorée,France,2025-12-31,6.31
REC-621806,7888,Préparation Taboulé menthe citron,Tipiak,"France,Switzerland",2024-02-23,16.59
REC-457077,11150,Pom-Bär Original,"Intersnack Deutschland SE, Pombär","en:germany, en:Germany",2026-02-02,21.02
REC-222553,8098,McVitie's Hobnobs Milk Choc Jumbo Pack,McVitie's,"France, en:united-kingdom",2024-04-02,7.31
REC-692953,10273,y Castell Welshcakes,Tan y Castell,"France,Royaume-Uni",2024-02-18,23.0
REC-151265,5570,Real Fruit Yoyos Strawberry Family Pack,Bear,"France, en:united-kingdom",2024-02-28,14.08
REC-273534,8437,Bake Rolls Salt,Unknown,Rumania,2025-08-23,4.55
REC-950478,9896,chocolata amaruie 80%cacao,Unknown,"France,Roumanie",2024-03-24,8.17
REC-662909,13980,Ricola réglisse,Ricola,France,2024-12-10,23.49
REC-259895,13423,Butterfly,Kambly,"France,Germany,Switzerland",2025-01-04,21.94
REC-851657,7682,Original family format,Oreo,"France, Spain, en:united-kingdom",2024-05-24,16.38
REC-766518,10337,Noir 86% extra intense,Côte d'or,Belgium,2024-02-13,12.26
REC-545218,6213,Napolitaner,Loacker,"Germany, Italy, en:bulgaria",2025-09-20,14.61
REC-591558,14272,Galletas desayuno integral 0% azúcares,Florbú,"Francia,Marruecos,España",2024-11-16,14.3
REC-285060,8098,Popcorn,Unknown,"Belgium,France,Germany",2025-04-09,4.86
REC-935576,7840,Törtchen Kakao-Haselnusscreme,Manner,"France,Germany,Spain",2024-04-17,21.91
REC-361975,8499,VitaWeat 9 Grains,Arnott's,"France, New Zealand, en:australia, en:french-polynesia",2025-11-09,5.29
REC-953365,9385,crackers cheddar,Gullón,"France,Spain,en:morocco",2024-10-31,4.09
REC-920575,7608,Barres chocolat noir et pointe de sel,"CROWNFIELD,Lidl",France,2025-05-01,20.32
REC-358259,10068,Galletas maría,Hacendado,España,2025-05-11,7.82
REC-912575,6715,Salzstangen mit Meersalz,Sun Snacks,Deutschland,2025-11-05,2.57
REC-709647,14676,Risi Clásicas,Risi,"Spain, en:morocco",2025-09-02,20.26
REC-120318,8239,Party Rings Mini,Fox's,en:gb,2025-02-07,5.21
REC-241707,12703,Choco fundir negro,Hacendado,Spain,2025-07-18,2.51
REC-198558,7426,gullon Hearts of Cereal Oats Chocolate,Gullón,France,2024-09-22,19.94
REC-575519,5189,Black Pepper & Sea Salt Crackers,Rivercote,Spain,2024-12-16,11.71
REC-371454,9918,Jet Gum Sugar Free,"Jet Gum, Jetgum","Alemanha,Eslováquia",2024-09-08,8.55
REC-856768,14464,Dark 75% madagascar ginger & turmeric,Waitrose,United Kingdom,2025-01-27,7.81
REC-751682,8813,Hot mix spicy,Snacks of The World,France,2026-01-27,5.67
REC-381834,12258,Cocoa & Vanilla Gruffalo Biscuits+ Months 5 x (100g),Organix,en:gb,2024-03-28,13.16
REC-264757,10183,Hoops,Unknown,en:gb,2024-06-03,10.78
REC-150567,7790,Gerlinea moelleux,Gerlinéa,France,2024-02-07,5.34
REC-237615,10247,Tic tac Festival,TIC TAC,"France, en:germany",2025-06-04,17.45
REC-597122,7892,Dark compound choclate,Toren,Morocco,2025-08-11,19.14
REC-985464,14032,La brioche tressée tranchée,la fournée dorée,France,2025-12-20,1.49
REC-659587,9568,Half-Coated Milk Chocolate Cookies,Fox's,United Kingdom,2025-06-30,17.66
REC-562425,12635,Sweet and salty butterfly popcorn,Unknown,Royaume-Uni,2025-09-15,21.66
REC-685868,12420,Patatas Lay's Sal,"Lay's,PepsiCo",España,2025-06-09,11.87
REC-748476,11894,Chips saveur barbecue,Lay's,France,2025-07-13,1.75
REC-356081,11488,Mes cookies Bio tout chocolat,Aline & Olivier,France,2024-10-22,10.8
REC-473461,13116,Seriously Salt and Vinegar Crisps,Walkers,"Italy, en:united-kingdom",2024-10-22,7.07
REC-365856,5951,La madeleine pur beurre,Maison Colibri,France,2025-08-29,21.6
REC-270796,8802,Pistachio nut mix salted,Snacks of The World,France,2025-04-10,21.7
REC-339650,9960,Petit biscuit avoine & framboise,Chabrior,France,2024-07-11,13.0
REC-275361,12638,Lentil Chips,"Aldi,Snackrite",United Kingdom,2024-11-01,22.17
REC-552400,14056,Carrés Dégustation,Lindt,France,2025-03-30,18.5
REC-279683,7416,Oswego,Unknown,Italia,2025-10-29,1.61
REC-730439,11624,Prinzenrolle,DeBeukelar,en:de,2026-01-29,23.14
REC-774116,5812,Dairy Milk Marvellous Creations Jelly Popping Candy,"Cadbury, Mondelez",en:gb,2025-12-09,4.74
REC-135641,5392,Very Cherry Gourmet Sweets,Unknown,United Kingdom,2024-02-14,22.33
REC-857253,9546,"Vegane snack balls - Date café, banane",Vemondo,"Germany, en:france",2024-11-27,18.71
REC-831487,6454,Tony's chocolonely milk creamy,Tony's Chocolonely,en:gb,2025-03-20,10.5
REC-996610,5783,Toffee,Skinny Whip,United Kingdom,2024-07-06,20.62
REC-615993,5677,Célébrations,Celebrations,en:fr,2025-11-10,23.95
REC-382367,10961,Salted dark chocolate almonds,Forest Feast,en:gb,2024-09-22,2.44
REC-361047,14287,Hazelnut Dark Chocolate,Moser Roth,en:gb,2024-08-26,10.22
REC-324298,7406,Digestives The Original Twin Pack,McVitie’s,"United States, en:united-kingdom",2024-09-28,12.83
REC-400504,13689,Hafercookies,REWE Bio,Germany,2025-12-03,15.06
REC-567302,7934,Cocoa Vanilla Oat Boost,Graze,en:gb,2024-10-15,14.09
REC-796546,5517,Vegan bar choco amandes,Nu3,France,2025-08-30,19.93
REC-816217,8462,Les P'tites Madeleines Pépites de Chocolat,Ker Cadélac,France,2025-09-16,13.94
REC-618062,11734,Toffifee,Storck,"Ireland, en:united-kingdom",2025-10-16,9.87
REC-175533,14290,Creamy milk chocolate,NOOCO,en:Morocco,2024-04-25,22.09
REC-968572,7276,Fruit Splits Bear,BEAR,en:United Kingdom,2025-10-27,1.69
REC-332437,6869,Chips  barbecue,Lay's,France,2024-09-21,6.17
REC-699959,11974,Biscoff Bar,Trekk Power,United Kingdom,2024-03-09,5.52
REC-952548,11169,Toffee Apple Oat Bars,Bio & Me,en:United Kingdom,2026-01-01,5.11
REC-362584,11334,HAND COOKED sea salt & Balsamic vinegar crisps,M&S FOOD,"France, United Kingdom",2024-09-26,12.92
REC-572750,12422,Ready Salted Potato Sticks,Marks & Spencer,"France, Royaume-Uni",2024-09-18,5.71
REC-979324,14062,Super Extra-Large Peanuts,Kirkland Signature,"France,United States",2026-02-01,16.67
REC-592399,12848,Marzipan log,Favorina,"Czech Republic,France,Germany,en:netherlands",2024-11-20,13.09
REC-998079,12859,Crackers emmental,Snack Day,Frankrijk,2025-04-07,8.82
REC-790191,6677,Flips Cacahuète,Unknown,"France,en:france",2025-12-24,23.42
REC-132927,9233,Bio Biscuits tablette chocolat noir,Sondey,France,2025-12-01,13.09
REC-825430,11608,Galak Chocolat Blanc,Unknown,Francia,2024-10-08,22.16
REC-992394,14265,Carrés lait noisettes entières,Côte d'Or,"Belgium,France",2024-02-06,15.59
REC-110141,11716,Fraise🍓Tagada,Haribo,France,2025-11-03,6.94
REC-844095,5948,Biscuit sésame Gerblé,gerblé,France,2024-02-09,16.94
REC-814143,13807,Galettes mais oignon crème ciboulette,Gerblé,France,2025-05-14,5.13
REC-456149,5582,Sablés aux pommes,"Carrefour, Reflets de France",France,2025-08-03,19.95
REC-406976,9263,Nature,Carrefour classic,France,2024-11-11,6.16
REC-531089,5855,Petit beurre - 200g BIO,"Chabrior, Filet Bleu, Intermarché","Belgium,France",2025-10-09,7.61
REC-345731,7197,Biscuits petit beurre bio paquet de 150g,"U, U Bio",France,2024-02-16,24.61
REC-440609,5852,Pains au lait x15 - 525g,U,France,2024-08-06,18.74
REC-246026,9950,Tuiles goût salé paquet de 170g,U,France,2025-10-27,2.59
REC-286562,9342,Barres de céréales saveur pomme verte 6x125g,U,France,2026-01-16,6.97
REC-214862,8725,Mon Cake Nature,Ker Cadélac,France,2025-06-22,6.82
REC-910241,13356,La Classique Nature,Unknown,France,2024-03-05,9.8
REC-139807,7796,Gâteau au fromage blanc,Saint Amour®,France,2024-04-15,22.59
REC-312449,14093,Grany Riz🍚 soufflé & Chocolat 🍫,"Grany, LU",France,2024-10-14,12.85
REC-112582,13513,Langues de chat,Karéléa,France,2024-03-12,10.05
REC-793180,13537,Dessert noir,Carrefour,France,2024-05-11,24.48
REC-568240,10460,Barres GOURMANDES,Carrefour,"Belgium,France, Italie, Espagne",2025-10-10,7.93
REC-826203,10239,Crackers emmental,TokapiMarque Repère,France,2024-02-05,9.88
REC-829592,13414,Biscuits sésame,"Bio Village, Marque Repère","France, en:reunion, en:belgium",2024-07-28,22.07
REC-356833,12710,Biscuits tablette chocolat noir,"Bio Village, Marque Repère",France,2025-12-27,11.86
REC-729250,6308,8 mini gâches pur beurre à la crême fraîche,"Leclerc, Nos regions ont du talent",France,2024-04-05,10.86
REC-134837,13279,Cookies Pépites de chocolat noir & cacao,Biocoop,France,2024-10-01,9.32
REC-742537,5339,Raffaello,Unknown,"Austria, Belgium, France, Germany, Switzerland, en:morocco",2024-03-06,21.49
REC-921153,6488,Maxi King 3er-Pack,"Kinder,Ferrero","Österreich,Belgien,Frankreich,Deutschland,Schweiz",2025-04-02,11.59
REC-708333,8850,180G CHUPA CHUPS MINI ASSOSRTI,Chupa Chups,France,2025-01-25,15.54
REC-492308,6995,6 Cherry Bakewells,Mr Kipling,"France,United Kingdom",2025-12-23,21.8
REC-564450,6602,NO ARTIFICIAL COLO NO ARTIFICIAL FLAVOURS NO MSG H,KP Snacks,"France, Ireland, en:united-kingdom",2025-10-28,7.51
REC-127756,10173,Cheese Flavour Potato Snacks,Walkers Quavers,"Francia, Reino Unido, Spain",2025-02-07,7.35
REC-302532,10592,Blue Maize Tortilla Chips,Mister Free'd,"France,Germany,United Kingdom",2024-11-14,1.69
REC-496120,11340,Mini Croissants,7 Days,"Bulgaria, United Kingdom, en:romania",2025-08-29,5.38
REC-170615,8804,Barres Lion,"Nestlé, Lion",France,2026-01-22,21.22
REC-793062,5521,NESTLE L'ATELIER - Noir 70% - 100g,Unknown,"France,Guyane",2025-10-14,20.05
REC-139176,5726,FLORENTIN 125G - KAMBLY - 125g,Kambly,France,2025-09-06,8.25
REC-354401,7584,2fruity Parfum Fraise-Citron vert,Hollywood,"France,Martinique",2025-10-10,13.2
REC-610584,12333,Petit Déjeuner Moelleux Coeur Gourmand Fraise,"Mondelēz, belVita","Belgique,France",2025-10-17,1.39
REC-432333,6577,Fino 85% negro,"Suchard,Mondelez",España,2025-12-20,4.37
REC-476452,13339,SEMPLICISSIMI cereali riso nero 1 porzione 31g.,"Bauli, Doria",Italia,2024-04-15,16.2
REC-700693,9581,Panettone,"Grand Frais, Pasticceria dei Fiori, Valentino",France,2024-06-29,13.65
REC-311220,12823,Grissini Nature Vita Vigor,"VITAVIGOR, Vita Vigor","Australie,France,Japon,en:france",2025-12-11,17.52
REC-878452,11998,Frollini con gocce di cioccolato,"Dolciando, Eurospin","Francia,Italia",2025-12-31,16.31
REC-928604,14538,Campagnole con farina di riso,"Barilla, Mulino Bianco","France,Italy,Switzerland",2025-02-09,6.55
REC-839333,7181,Kinder Joy Boy,"Kinder, คินเดอร์","China, Frankreich, Marokko, Spanien, Thailand, Germany",2024-12-15,17.73
REC-582152,11647,Petit,Rio,"Francia,Marruecos,España",2024-05-06,8.32
REC-268424,13019,Chocolate puro con almendras enteras 0% azúcares añadidos,Unknown,Spain,2025-09-10,18.97
REC-621822,8262,Gullon Maria Doroda,Gullón,"Francia,España",2025-07-12,7.36
REC-712579,8689,Tortilla Chips Nachos,"Zanuy,Liven","Francia,Marruecos,España",2024-06-18,21.29
REC-262443,8835,Cocktail rodeo,Hacendado,Spain,2024-11-20,14.05
REC-559187,6767,Crackers Protéiné,TASTINO - LIDL,France,2025-04-10,1.3
REC-551880,5323,Raffaello,Ferrero,"Francia,Marruecos",2024-07-26,12.68
REC-875951,13400,Biscuit Novellino lait et miel,Unknown,Italia,2025-12-25,22.36
REC-961341,11053,Madeleines,St Michel,France,2024-06-11,20.95
REC-779865,9856,Salted Giant Pretzel,"Marks & Spencer,McVities",United Kingdom,2025-09-20,24.29
REC-450014,6889,Chocolate negro 72% cacao con almendras enteras,Hacendado,"Spain, en:united-states",2024-03-25,22.06
REC-257723,10583,Squares Salt & Vinegar,Walkers,"Guernsey, en:united-kingdom",2025-08-02,10.66
REC-320657,6391,Proper Chips Sea Salt Lentil Chips,Proper,"France,United Kingdom",2024-06-12,4.18
REC-331889,5537,Rollino cacao,Unknown,"Spain, Marruecos, en:morocco",2024-03-04,12.49
REC-836131,11880,Roshen MlkChoc Aerated,Roshen,"Bulgaria, Romania, en:ukraine",2025-10-15,9.25
REC-552094,11207,Dark Peru 80%,Waitrose,United Kingdom,2025-02-12,1.65
REC-209994,13964,Cool Tortillas,By Sainsbury's,"France, United Kingdom",2024-07-09,23.52
REC-302852,7235,Oreo white,"Milka,Mondelez","Marruecos,España",2024-10-14,14.37
REC-252289,7969,Moelleux chocolat,Alsa,France,2024-03-14,14.47
REC-624477,8992,Gâche tranchée Bio,La Boulangère,France,2025-12-30,13.39
REC-226234,12976,Doriano Sea Salt Crackers,Bauli,"Italy,United Kingdom",2024-08-19,11.35
REC-694905,6640,Chips Snack,Snack Day,Frankrijk,2024-04-14,1.81
REC-529318,11733,Happy Hippo,Kinder,France,2025-06-30,2.67
REC-425069,14727,MILKA  Alune intregi ceo lesnik,Milka,"Algeria, Romania, en:morocco",2025-06-22,8.38
REC-573124,12034,Mylk & Vanilla,Unknown,en:gb,2024-12-30,11.81
REC-746462,11307,Caramel Choc Bar,Nomo,"Australia,United Kingdom",2024-09-01,21.07
REC-603751,12793,Chicles fresa,Hacendado,España,2026-01-30,17.09
REC-453635,10969,Crunchy Oats & Honey Granola Bars,Harvest Morn,"Ireland,United Kingdom",2024-03-08,3.28
REC-704386,13365,"Gerble - Organic Oatmeal Coconut Cocoa Cookie, 132g (4.7oz)",Gerblé,Francia,2024-02-29,17.15
REC-983684,6209,Pringles Flame Spicy BBQ,Pringles,"France, Italy, Lithuania, Martinique, en:morocco",2025-06-06,9.3
REC-626207,14494,Wheat Thins Original,Nabisco,United States,2025-08-21,14.1
REC-633149,14299,Mini fourrés chocolat noir,Bjorg,France,2025-03-23,9.88
REC-980566,7513,Roasted Garlic & Extra Virgin Olive Oil Flatbread,"taste-the-difference, sainsbury-s",en:United Kingdom,2024-04-20,22.21
REC-385551,12089,Galettes Bretonnes,"Carrefour BIO,Carrefour","France,Espagne",2024-12-09,11.4
REC-168224,5553,Gaufres aux oeufs frais au sucre glace,Lotus,France,2025-01-14,2.71
REC-991801,13050,Abbracci,Unknown,en:it,2024-02-16,18.83
REC-404815,11181,Sea Salt & Cider Vinegar - Activated Chips,Unknown,United Kingdom,2024-08-22,13.78
REC-254809,6164,Neo giant,Lidl,"France,Germany,United Kingdom",2024-11-11,1.02
REC-976325,9203,Merendina,Bimo,Morocco,2024-05-11,13.87
REC-381295,12308,Lay's Recette paysanne nature maxi format,"LAY'S, Lays","en:fr,",2024-04-27,20.56
REC-602163,13545,Mango Pure Fruit Wind Ups,Alesto,en:gb,2024-09-23,18.7
REC-201270,8688,Recette à l’Ancienne,"Lay's, Lays",en:fr,2025-01-09,15.7
REC-134626,12045,Haferkraft Haselnuss zero,Corny,Germany,2025-02-04,24.76
REC-908235,5283,Haribo Happy Cola,HARIBO,Deutschland,2025-10-10,5.5
REC-420495,10110,Raspberry Porridge Oat Bar,Stoats,United Kingdom,2024-12-31,16.14
REC-409462,6155,Baked Salt and Vinegar Crisps,Walkers,en:gb,2025-08-08,14.29
REC-453588,5631,Chipsfrisch gesalzen,funny-frisch,"en:Germany,",2025-09-13,22.12
REC-885621,13952,Biscuits au cacao fourrés vanille,Unknown,France,2024-05-21,22.29
REC-121365,9216,Biscuit sablé nappé 6 céréales (12),Biocoop,en:fr,2024-05-21,5.27
REC-674098,13554,Apple & cinnamon porridge oat bar,Stoats,en:gb,2024-07-06,2.54
REC-576134,14686,Pick up! Fourré au lait,"Bahlsen, Pick Up!",France,2026-01-02,3.99
REC-421148,9013,Pick-up,BAHLSEN,France,2026-01-25,21.9
REC-556821,9312,Biscuits chocolat gingembre,Bjorg,France,2025-11-09,23.81
REC-785071,14907,Biscotti Misura Protein,Misura,Italy,2024-06-13,1.18
REC-197068,10831,Feastables - Milk Chocolate,"Feastables, MrBeast","Germany,United Kingdom,Lithuania",2024-05-03,4.02
REC-797045,10937,Tony Chocolate Dark Hazelnut,Tony's Chocolonely,United Kingdom,2024-07-16,14.54
REC-770896,7552,Extra fresh professional,"Wrigley‘s,extraFresh",Germany,2025-07-19,6.23
REC-943432,7445,Italian Crackers Made with Sourdough,Arden & Amici,United Kingdom,2025-11-20,23.1
REC-331159,11984,Kyoto Style Mix,Snacks of the World,"Austria, Netherlands, en:france",2024-05-29,20.5
REC-212441,8075,Batatas Fritas Sabor Serrano,Hacendado,"Romania,Spain",2024-12-16,18.02
REC-512760,9669,Maltesers,Unknown,"Frankreich,Deutschland,Vereinigtes Königreich",2024-08-24,7.74
REC-641607,13363,Milk Chocolate,Lindt Classic Recipe,en:United Kingdom,2025-11-10,10.36
REC-550518,6679,Mars,Mars,"Germany, en:france",2025-12-07,14.76
REC-389931,9139,Lemon & Poppy Seed Oat Bars,Unknown,United Kingdom,2026-01-03,23.43
REC-675515,9984,Original Sourdough Crispbread,Peter’s Yard,en:United Kingdom,2025-10-16,22.61
REC-295799,5057,Lentil Chips,Unknown,United Kingdom,2025-12-19,10.72
REC-754512,10356,Carlotti - Chocolate au lait,Carlotti,en:Morocco,2024-05-06,13.35
REC-364878,10701,Biscuits Delacre Sprits Chocolat au lait - 200g,"Delacre, Ferrero",France,2024-03-09,9.72
REC-140930,8675,Cinnamon Almond Butter Biscuits,Unknown,"France, United States",2025-04-21,23.16
REC-176563,14114,Extra fine dark chocolate,Marks And Spencer,"France, en:united-kingdom",2025-03-05,18.91
REC-392289,9317,Tortilla Strips,Kirkland,"Estados Unidos, Spain",2024-04-12,3.0
REC-417999,5547,Be-kind Caramel Almond & sea salt,Be-Kind,"France,Spain,Switzerland",2025-11-10,20.65
REC-349903,13556,Amaretti,Italiamo,"France,Hungary",2026-01-06,1.87
REC-701402,8537,Lait Raisins secs & Noisettes,Bellarom,France,2025-05-29,22.89
REC-861300,13977,Studentenfutter Exotic,Unknown,"Frankreich, Deutschland",2025-09-03,14.2
REC-521956,5911,"Lebkuchen Hearts, Pretzels & Stars Zartbitter",Favorina,"France,Germany",2026-01-11,18.83
REC-706330,8444,Grissini Rosmarino - Breadsticks with Rosemary,Italiamo,"Francia,Polonia",2026-01-03,2.78
REC-821942,9249,"Alesto Cashew Erdnuss Mix, Hot Chili",Alesto,"France,Switzerland",2024-11-15,20.0
REC-583796,5183,Véritable Petit Écolier Pocket,LU,France,2024-06-14,6.71
REC-775118,12949,Doritos Goût Nacho Cheese,Doritos,"Francia,España",2025-05-04,15.41
REC-487779,14309,Sablé nature aux graines de chia,"Gerblé, Nutrition et Santé S.A.S.",France,2024-04-27,17.3
REC-451410,11975,Tartines de pain Brioché,Brioche Pasquier,France,2025-01-16,9.94
REC-934428,10593,Chocolat noir dégustation 95%,Unknown,"France, en:morocco",2024-12-02,16.28
REC-871555,14624,Madeleines coquille individuelles,Chabrior,France,2025-07-31,8.54
REC-117898,8527,sables,"U, U Bio",France,2024-10-26,12.25
REC-131985,5299,Barres de céréales figue x6 - 126g,U,France,2025-05-30,24.55
REC-971763,6257,Barre de Céréales riz et blé complet chocolat x6 - 126g,U,France,2025-09-20,6.09
REC-220290,7805,Macédoine de légumes,Carrefour,"France, en:netherlands",2024-07-01,15.17
REC-599958,7951,P'tit Déj 6 céréales complètes,Carrefour,"France, Italie, Pologne, Roumanie, Espagne",2024-07-28,22.4
REC-263282,6216,Palmiers,"Marque Repère, P'tit Déli",France,2025-01-15,22.37
REC-611327,8969,Tuiles goût nature,"Marque Repère, Tokapi",France,2025-04-25,16.34
REC-265760,13936,Déli Matin Miel & Pépites de Chocolat,"Marque Repère, P'tit Déli",France,2025-11-11,17.89
REC-381337,7657,Chocolat au lait,Poulain,"France,canada",2025-02-13,5.82
REC-800212,11269,Mon biscuit BIO vanille,"A&O, A&O L'épicerie Locale, Aline & Olivier",France,2024-06-11,5.29
REC-217549,7976,Haferkraft Cranberry Kürbiskern,Schwartauer Corny,Deutschland,2025-06-26,16.1
REC-801549,14163,Snickers x5,"Mars, Snickers","Francia,Alemania",2025-11-14,18.04
REC-157464,10894,Baked Sea Salt,Walkers,"France, en:united-kingdom",2024-07-07,14.16
REC-782597,14965,Barre de céréales frusli fruit rouges🍓,Jordans,France,2024-03-10,22.08
REC-969890,8289,Nutri-Grain Strawberry Cereal Bars imp,Kellogg's,"France, en:united-kingdom",2025-11-16,3.63
REC-318931,11124,Gently Baked Mango,Urban Fruit,"France,United Kingdom",2025-05-07,11.95
REC-516184,12070,Prince Pocket - Biscuits fourrés parfum chocolat,Lu,"France, en:belgium",2024-12-09,19.28
REC-874761,7093,Biscoff,Lotus,"Australia,Austria,Francia,Italia,Marruecos,Nueva Zelanda,España",2025-05-22,20.89
REC-330782,9944,Twix Xtra,Mars norge as,"Austria,Bélgica,Francia,Alemania,Irlanda,Rumania,España,Suiza,Reino Unido",2025-12-03,24.1
REC-853470,11464,Elephant Squeezed Pretzels Honey Mustard & Onion,Alka,"France, en:morocco",2024-12-05,15.39
REC-781736,9386,Lay's Edible Salt,Lay's,"Morocco,Tunisia",2024-11-23,1.84
REC-463353,12435,Lay's with cheese and onion flavor,Lay's,"Morocco,Tunisia",2025-07-01,22.47
REC-549112,12510,Lindt  MILCH • AU LAIT• MILK,Lindt,"Australia, France, Germany, Switzerland, en:bulgaria",2025-06-27,10.91
REC-655311,13581,"Les grandes, 34% noisettes, Noir","Lindt, Lindt & Sprüngli","France,Allemagne,Suisse",2024-10-23,1.86
REC-833811,14931,Toblerone,"Toblerone,Mondélez","Bolivia,Bulgaria,Francia,Alemania",2025-08-19,24.82
REC-906092,13589,Oreo Golden,Unknown,"Dinamarca,Francia,Marruecos,Noruega,España,Suecia",2024-06-05,7.92
REC-903444,14907,Granola Brownie Chocolat Intense,"Granola, LU",France,2025-07-30,19.67
REC-301534,8931,Milka MMMAX Ganze Haselnüsse,Milka,Germany,2025-12-24,21.88
REC-269293,6607,Milka Alpenmilch Schokolade,Milka,"Austria,Czech Republic,Denmark,Finland,France,Germany,Hungary,Norway,Slovakia,Sweden,Switzerland",2024-05-25,21.1
REC-571992,5111,Choco Biscuits,"Milka,Mondelez","Canada,France,Poland,Romania",2024-07-09,24.08
REC-918760,12572,Granola Cookies Chocolat & Noisettes,"Granola,Lu",France,2024-06-29,24.79
REC-557321,5528,Cracker TUC classico,Mondelez,Italia,2025-06-12,3.81
REC-834515,11654,Ferrero Collection,Unknown,"France,Allemagne",2025-03-16,8.68
REC-844427,11053,1936 Antica Ricetta,San Carlo,"Francia,Italia",2025-05-29,16.79
REC-236378,10559,Nero nero 99%,Unknown,"France,Italie",2024-05-09,23.42
REC-584619,14413,Choco Keks,Schär,"Croatia, Finland, France, Spain, Switzerland, en:morocco",2025-01-22,12.86
REC-658055,6839,Active Integral Gullón,Unknown,"Francia,España",2025-12-14,4.61
REC-931340,13402,Galletas Integrales Arándano 0% Azúcares Añadidos,Santiveri,España,2026-02-02,19.83
REC-168071,6540,Maíz crujiente y tierno,Hacendado,España,2024-05-08,15.84
REC-868200,7045,sweet popcorn,Tesco,"France,United Kingdom",2025-03-26,14.53
REC-958945,9639,Digestives Milk Chocolate,Unknown,"France,United Kingdom",2024-02-11,2.42
REC-568921,13985,Galletas Saladitas,Hacendado,España,2025-10-08,21.32
REC-738399,11535,Milka Oreo Brownie,Milka,"en:morocco, en:spain, en:france",2024-10-09,14.03
REC-796830,11134,Sablés noisette chocolat,Bonne Maman,Francia,2024-12-14,21.72
REC-867989,13739,Cocoa Orange,Nakd,en:GB,2025-03-30,3.78
REC-774268,8212,Chocolate For Change Dark Chocolate With Orange,Coop,"Germany,en:united-kingdom",2025-03-23,14.41
REC-432494,13398,Lait dessert,Fin Carré,"France, en:united-kingdom",2025-01-03,17.58
REC-117507,8050,Rusticotti,Balocco,"Francia,Italia",2025-09-02,21.35
REC-692469,11809,Cheddar & Onion Chutney Rolls,Higgidy,en:gb,2024-12-07,7.47
